# ************************************************************
# Sequel Pro SQL dump
# バージョン 4096
#
# http://www.sequelpro.com/
# http://code.google.com/p/sequel-pro/
#
# ホスト: 127.0.0.1 (MySQL 5.5.29)
# データベース: restaurant_menu
# 作成時刻: 2015-01-09 06:00:08 +0000
# ************************************************************


/*!40101 SET @OLD_CHARACTER_SET_CLIENT=@@CHARACTER_SET_CLIENT */;
/*!40101 SET @OLD_CHARACTER_SET_RESULTS=@@CHARACTER_SET_RESULTS */;
/*!40101 SET @OLD_COLLATION_CONNECTION=@@COLLATION_CONNECTION */;
/*!40101 SET NAMES utf8 */;
/*!40014 SET @OLD_FOREIGN_KEY_CHECKS=@@FOREIGN_KEY_CHECKS, FOREIGN_KEY_CHECKS=0 */;
/*!40101 SET @OLD_SQL_MODE=@@SQL_MODE, SQL_MODE='NO_AUTO_VALUE_ON_ZERO' */;
/*!40111 SET @OLD_SQL_NOTES=@@SQL_NOTES, SQL_NOTES=0 */;


# テーブルのダンプ fbusers
# ------------------------------------------------------------

DROP TABLE IF EXISTS `fbusers`;

CREATE TABLE `fbusers` (
  `id` bigint(20) unsigned NOT NULL AUTO_INCREMENT,
  `user_id` varchar(36) DEFAULT NULL,
  `name` varchar(255) DEFAULT NULL,
  `first_name` varchar(255) DEFAULT NULL,
  `last_name` varchar(255) DEFAULT NULL,
  `username` varchar(255) DEFAULT NULL,
  `link` varchar(255) DEFAULT NULL,
  `hometown_id` bigint(20) unsigned DEFAULT NULL,
  `hometown_name` varchar(255) DEFAULT NULL,
  `gender` varchar(10) DEFAULT NULL,
  `email` varchar(255) DEFAULT NULL,
  `timezone` tinyint(3) unsigned DEFAULT NULL,
  `locale` varchar(10) DEFAULT NULL,
  `verified` tinyint(1) unsigned DEFAULT NULL,
  `updated_time` datetime DEFAULT NULL,
  `token` varchar(255) DEFAULT NULL,
  `token_expires` datetime DEFAULT NULL,
  `status` tinyint(3) unsigned NOT NULL DEFAULT '1',
  `created` datetime DEFAULT NULL,
  `modified` datetime DEFAULT NULL,
  PRIMARY KEY (`id`)
) ENGINE=InnoDB DEFAULT CHARSET=utf8;



# テーブルのダンプ menu_tags
# ------------------------------------------------------------

DROP TABLE IF EXISTS `menu_tags`;

CREATE TABLE `menu_tags` (
  `id` int(11) unsigned NOT NULL AUTO_INCREMENT,
  `name` varchar(255) NOT NULL DEFAULT '',
  `accessories` varchar(255) DEFAULT NULL,
  `order` int(11) unsigned NOT NULL DEFAULT '999999999',
  `status` tinyint(3) unsigned NOT NULL DEFAULT '1',
  `created` datetime DEFAULT NULL,
  `modified` datetime DEFAULT NULL,
  PRIMARY KEY (`id`)
) ENGINE=InnoDB DEFAULT CHARSET=utf8;

LOCK TABLES `menu_tags` WRITE;
/*!40000 ALTER TABLE `menu_tags` DISABLE KEYS */;

INSERT INTO `menu_tags` (`id`, `name`, `accessories`, `order`, `status`, `created`, `modified`)
VALUES
	(1,'カレー','',1,1,'2015-01-04 16:34:00','2015-01-04 16:34:00'),
	(2,'カレーライス','カレー,日本食',999999999,0,'2015-01-04 16:34:00','2015-01-04 16:34:00'),
	(3,'スープカレー','カレー,日本食',999999999,0,'2015-01-04 16:34:00','2015-01-04 16:34:00'),
	(4,'タイカレー','カレー,タイ料理,アジア・エスニック',2,1,'2015-01-04 16:34:00','2015-01-04 16:34:00'),
	(5,'グリーンカレー','カレー,タイカレー',999999999,0,'2015-01-04 16:34:00','2015-01-04 16:34:00'),
	(6,'イエローカレー','カレー,タイカレー',999999999,0,'2015-01-04 16:34:00','2015-01-04 16:34:00'),
	(7,'レッドカレー','カレー,タイカレー',999999999,0,'2015-01-04 16:34:00','2015-01-04 16:34:00'),
	(8,'インドカレー','カレー,インド料理,アジア・エスニック',3,1,'2015-01-04 16:34:00','2015-01-04 16:34:00'),
	(9,'マトンカレー','カレー,インドカレー',999999999,0,'2015-01-04 16:34:00','2015-01-04 16:34:00'),
	(10,'キーマカレー','カレー,インドカレー',999999999,0,'2015-01-04 16:34:00','2015-01-04 16:34:00'),
	(11,'バターチキンカレー','カレー,インドカレー',999999999,0,'2015-01-04 16:34:00','2015-01-04 16:34:00'),
	(12,'サグカレー','カレー,インドカレー',999999999,0,'2015-01-04 16:34:00','2015-01-04 16:34:00'),
	(13,'ラーメン','麺類,日本食',5,1,'2015-01-04 16:34:00','2015-01-04 16:34:00'),
	(14,'つけ麺','ラーメン,麺類,日本食',6,1,'2015-01-04 16:34:00','2015-01-04 16:34:00'),
	(15,'油そば','ラーメン,麺類,日本食',999999999,0,'2015-01-04 16:34:00','2015-01-04 16:34:00'),
	(16,'支那そば','ラーメン,麺類,日本食',999999999,0,'2015-01-04 16:34:00','2015-01-04 16:34:00'),
	(17,'醤油ラーメン','ラーメン,麺類,日本食',999999999,0,'2015-01-04 16:34:00','2015-01-04 16:34:00'),
	(18,'味噌ラーメン','ラーメン,麺類,日本食',999999999,0,'2015-01-04 16:34:00','2015-01-04 16:34:00'),
	(19,'塩ラーメン','ラーメン,麺類,日本食',999999999,0,'2015-01-04 16:34:00','2015-01-04 16:34:00'),
	(20,'豚骨ラーメン','ラーメン,麺類,日本食',999999999,0,'2015-01-04 16:34:00','2015-01-04 16:34:00'),
	(21,'魚介ラーメン','ラーメン,麺類,日本食',999999999,0,'2015-01-04 16:34:00','2015-01-04 16:34:00'),
	(22,'豚骨醤油ラーメン','ラーメン,麺類,日本食',999999999,0,'2015-01-04 16:34:00','2015-01-04 16:34:00'),
	(23,'トマトラーメン','ラーメン,麺類,日本食',999999999,0,'2015-01-04 16:34:00','2015-01-04 16:34:00'),
	(24,'担々麺','ラーメン,麺類,日本食',7,1,'2015-01-04 16:34:00','2015-01-04 16:34:00'),
	(25,'ワンタン麺','ラーメン,麺類,中華料理',999999999,0,'2015-01-04 16:34:00','2015-01-04 16:34:00'),
	(26,'タンメン','ラーメン,麺類,中華料理',999999999,0,'2015-01-04 16:34:00','2015-01-04 16:34:00'),
	(27,'麻婆麺','ラーメン,麺類,中華料理',999999999,0,'2015-01-04 16:34:00','2015-01-04 16:34:00'),
	(28,'ワンタン','ラーメン,麺類,中華料理',999999999,0,'2015-01-04 16:34:00','2015-01-04 16:34:00'),
	(29,'刃削麺','ラーメン,麺類,中華料理',999999999,0,'2015-01-04 16:34:00','2015-01-04 16:34:00'),
	(30,'パスタ','麺類,イタリアン,洋食',4,1,'2015-01-04 16:34:00','2015-01-04 16:34:00'),
	(31,'スパゲッティー','パスタ,麺類,イタリアン,洋食',999999999,0,'2015-01-04 16:34:00','2015-01-04 16:34:00'),
	(32,'ナポリタン','パスタ,麺類,イタリアン,洋食',999999999,0,'2015-01-04 16:34:00','2015-01-04 16:34:00'),
	(33,'ペペロンチーノ','パスタ,麺類,イタリアン,洋食',999999999,0,'2015-01-04 16:34:00','2015-01-04 16:34:00'),
	(34,'ミートソースパスタ','パスタ,麺類,イタリアン,洋食',999999999,0,'2015-01-04 16:34:00','2015-01-04 16:34:00'),
	(35,'ボロネーゼ','パスタ,麺類,イタリアン,洋食',999999999,0,'2015-01-04 16:34:00','2015-01-04 16:34:00'),
	(36,'ペスカトーレ','パスタ,麺類,イタリアン,洋食',999999999,0,'2015-01-04 16:34:00','2015-01-04 16:34:00'),
	(37,'アラビアータ','パスタ,麺類,イタリアン,洋食',999999999,0,'2015-01-04 16:34:00','2015-01-04 16:34:00'),
	(38,'ボンゴレ・ロッソ','パスタ,麺類,イタリアン,洋食',999999999,0,'2015-01-04 16:34:00','2015-01-04 16:34:00'),
	(39,'カルボナーラ','パスタ,麺類,イタリアン,洋食',999999999,0,'2015-01-04 16:34:00','2015-01-04 16:34:00'),
	(40,'ジェノベーゼ','パスタ,麺類,イタリアン,洋食',999999999,0,'2015-01-04 16:34:00','2015-01-04 16:34:00'),
	(41,'和風パスタ','パスタ,麺類,日本食',999999999,0,'2015-01-04 16:34:00','2015-01-04 16:34:00'),
	(42,'うどん・そば','麺類,日本食',8,1,'2015-01-04 16:34:00','2015-01-04 16:34:00'),
	(43,'うどん','うどん・そば,麺類,日本食',999999999,0,'2015-01-04 16:34:00','2015-01-04 16:34:00'),
	(44,'讃岐うどん','うどん・そば,うどん,麺類,日本食',999999999,0,'2015-01-04 16:34:00','2015-01-04 16:34:00'),
	(45,'煮込みうどん','うどん・そば,うどん,麺類,日本食',999999999,0,'2015-01-04 16:34:00','2015-01-04 16:34:00'),
	(46,'カレーうどん','うどん・そば,うどん,麺類,日本食,カレー',999999999,0,'2015-01-04 16:34:00','2015-01-04 16:34:00'),
	(47,'きしめん','うどん・そば,うどん,麺類,日本食',999999999,0,'2015-01-04 16:34:00','2015-01-04 16:34:00'),
	(48,'そば','うどん・そば,麺類,日本食',999999999,0,'2015-01-04 16:34:00','2015-01-04 16:34:00'),
	(49,'沖縄そば','うどん・そば,そば,麺類,日本食',999999999,0,'2015-01-04 16:34:00','2015-01-04 16:34:00'),
	(50,'ちゃんぽん','うどん・そば,そば,麺類,日本食',999999999,0,'2015-01-04 16:34:00','2015-01-04 16:34:00'),
	(51,'焼きそば','うどん・そば,麺類,日本食',999999999,0,'2015-01-04 16:34:00','2015-01-04 16:34:00'),
	(52,'焼うどん','うどん・そば,うどん,麺類,日本食',999999999,0,'2015-01-04 16:34:00','2015-01-04 16:34:00'),
	(53,'冷麺','麺類,韓国料理,アジア・エスニック',999999999,0,'2015-01-04 16:34:00','2015-01-04 16:34:00'),
	(54,'冷やし中華','麺類,日本料理',999999999,0,'2015-01-04 16:34:00','2015-01-04 16:34:00'),
	(55,'定食','日本食',9,1,'2015-01-04 16:34:00','2015-01-04 16:34:00'),
	(56,'肉料理','',10,1,'2015-01-04 16:34:00','2015-01-04 16:34:00'),
	(57,'魚料理','',11,1,'2015-01-04 16:34:00','2015-01-04 16:34:00'),
	(58,'寿司','魚料理,日本食',999999999,0,'2015-01-04 16:34:00','2015-01-04 16:34:00'),
	(59,'焼肉','焼き料理,肉料理',999999999,0,'2015-01-04 16:34:00','2015-01-04 16:34:00'),
	(60,'生姜焼き','定食,炒め物,肉料理,日本食',999999999,0,'2015-01-04 16:34:00','2015-01-04 16:34:00'),
	(61,'野菜炒め','定食,炒め物,野菜料理,日本食',999999999,0,'2015-01-04 16:34:00','2015-01-04 16:34:00'),
	(62,'焼き魚','定食,焼き料理,魚料理,日本食',999999999,0,'2015-01-04 16:34:00','2015-01-04 16:34:00'),
	(63,'天ぷら','揚げ物,野菜料理,日本食',999999999,0,'2015-01-04 16:34:00','2015-01-04 16:34:00'),
	(64,'とんかつ','定食,揚げ物,肉料理,日本食',999999999,0,'2015-01-04 16:34:00','2015-01-04 16:34:00'),
	(65,'からあげ','定食,揚げ物,鶏肉料理,日本食',999999999,0,'2015-01-04 16:34:00','2015-01-04 16:34:00'),
	(66,'焼き鳥','定食,焼き料理,鶏肉料理,日本食',999999999,0,'2015-01-04 16:34:00','2015-01-04 16:34:00'),
	(67,'コロッケ','定食,揚げ物,日本食',999999999,0,'2015-01-04 16:34:00','2015-01-04 16:34:00'),
	(68,'フライ魚','定食,揚げ物,魚料理,日本食',999999999,0,'2015-01-04 16:34:00','2015-01-04 16:34:00'),
	(69,'エビフライ','定食,揚げ物,魚料理,日本食',999999999,0,'2015-01-04 16:34:00','2015-01-04 16:34:00'),
	(70,'牡蠣フライ','定食,揚げ物,魚料理,日本食',999999999,0,'2015-01-04 16:34:00','2015-01-04 16:34:00'),
	(71,'洋食','',13,1,'2015-01-04 16:34:00','2015-01-04 16:34:00'),
	(72,'グリルチキン','定食,焼き物,鶏肉料理,洋食',999999999,0,'2015-01-04 16:34:00','2015-01-04 16:34:00'),
	(73,'チキン南蛮','定食,揚げ物,鶏肉料理,日本食',999999999,0,'2015-01-04 16:34:00','2015-01-04 16:34:00'),
	(74,'ステーキ','焼き物,肉料理,アメリカ料理',999999999,0,'2015-01-04 16:34:00','2015-01-04 16:34:00'),
	(75,'ハンバーグ','焼き物,肉料理,アメリカ料理',999999999,0,'2015-01-04 16:34:00','2015-01-04 16:34:00'),
	(76,'鉄板焼き','焼き物,肉料理,アメリカ料理',999999999,0,'2015-01-04 16:34:00','2015-01-04 16:34:00'),
	(77,'天丼','天ぷら,丼もの,揚げ物,野菜料理,日本食',999999999,0,'2015-01-04 16:34:00','2015-01-04 16:34:00'),
	(78,'カツ丼','とんかつ,丼もの,揚げ物,肉料理,日本食',999999999,0,'2015-01-04 16:34:00','2015-01-04 16:34:00'),
	(79,'親子丼','丼もの,鶏肉料理,日本食',999999999,0,'2015-01-04 16:34:00','2015-01-04 16:34:00'),
	(80,'牛丼','丼もの,肉料理,日本食',999999999,0,'2015-01-04 16:34:00','2015-01-04 16:34:00'),
	(81,'海鮮丼','丼もの,魚料理,日本食',999999999,0,'2015-01-04 16:34:00','2015-01-04 16:34:00'),
	(82,'鰻重','丼もの,魚料理,日本食',999999999,0,'2015-01-04 16:34:00','2015-01-04 16:34:00'),
	(83,'麻婆丼','麻婆豆腐,丼もの,野菜料理,中華料理',999999999,0,'2015-01-04 16:34:00','2015-01-04 16:34:00'),
	(84,'高菜丼','丼もの,野菜料理,日本食',999999999,0,'2015-01-04 16:34:00','2015-01-04 16:34:00'),
	(85,'ネギトロ丼','丼もの,魚料理,日本食',999999999,0,'2015-01-04 16:34:00','2015-01-04 16:34:00'),
	(86,'いくら丼','丼もの,魚料理,日本食',999999999,0,'2015-01-04 16:34:00','2015-01-04 16:34:00'),
	(87,'釜飯','丼もの,鶏肉料理,日本食',999999999,0,'2015-01-04 16:34:00','2015-01-04 16:34:00'),
	(88,'すき焼き','肉料理,焼き物,鍋料理,日本食',999999999,0,'2015-01-04 16:34:00','2015-01-04 16:34:00'),
	(89,'しゃぶしゃぶ','肉料理,鍋料理,日本食',999999999,0,'2015-01-04 16:34:00','2015-01-04 16:34:00'),
	(90,'おでん','野菜料理,鍋料理,日本食',999999999,0,'2015-01-04 16:34:00','2015-01-04 16:34:00'),
	(91,'お好み焼き','焼き料理,粉物,日本食',999999999,0,'2015-01-04 16:34:00','2015-01-04 16:34:00'),
	(92,'もんじゃ焼き','焼き料理,粉物,日本食',999999999,0,'2015-01-04 16:34:00','2015-01-04 16:34:00'),
	(93,'たこ焼き','焼き料理,粉物,日本食',999999999,0,'2015-01-04 16:34:00','2015-01-04 16:34:00'),
	(94,'郷土料理','日本食',12,1,'2015-01-04 16:34:00','2015-01-04 16:34:00'),
	(95,'ゴーヤーチャンプルー','炒め物,野菜料理,日本食,沖縄料理,郷土料理',999999999,0,'2015-01-04 16:34:00','2015-01-04 16:34:00'),
	(96,'フーチャンプルー','炒め物,野菜料理,日本食,沖縄料理,郷土料理',999999999,0,'2015-01-04 16:34:00','2015-01-04 16:34:00'),
	(97,'ソーメンチャンプルー','炒め物,野菜料理,日本食,沖縄料理,郷土料理',999999999,0,'2015-01-04 16:34:00','2015-01-04 16:34:00'),
	(98,'にんじんしりしり','炒め物,野菜料理,日本食,沖縄料理,郷土料理',999999999,0,'2015-01-04 16:34:00','2015-01-04 16:34:00'),
	(99,'オムライス','焼き料理,米料理,洋食',999999999,0,'2015-01-04 16:34:00','2015-01-04 16:34:00'),
	(100,'シチュー','スープ,煮物,洋食',999999999,0,'2015-01-04 16:34:00','2015-01-04 16:34:00'),
	(101,'ビーフシチュー','シチュー,スープ,煮物,洋食',999999999,0,'2015-01-04 16:34:00','2015-01-04 16:34:00'),
	(102,'クリームシチュー','シチュー,スープ,煮物,洋食',999999999,0,'2015-01-04 16:34:00','2015-01-04 16:34:00'),
	(103,'ハヤシライス','スープ,煮物,洋食',999999999,0,'2015-01-04 16:34:00','2015-01-04 16:34:00'),
	(104,'中華料理','',14,1,'2015-01-04 16:34:00','2015-01-04 16:34:00'),
	(105,'チャーハン','炒め物,米料理,中華料理',999999999,0,'2015-01-04 16:34:00','2015-01-04 16:34:00'),
	(106,'餃子','焼き料理,粉物,中華料理',999999999,0,'2015-01-04 16:34:00','2015-01-04 16:34:00'),
	(107,'飲茶','蒸し料理,粉物,中華料理',999999999,0,'2015-01-04 16:34:00','2015-01-04 16:34:00'),
	(108,'麻婆豆腐','炒め物,野菜料理,中華料理',999999999,0,'2015-01-04 16:34:00','2015-01-04 16:34:00'),
	(109,'天津飯','炒め物,米料理,中華料理',999999999,0,'2015-01-04 16:34:00','2015-01-04 16:34:00'),
	(110,'中華飯','丼もの,炒め物,米料理,中華料理',999999999,0,'2015-01-04 16:34:00','2015-01-04 16:34:00'),
	(111,'回鍋肉','炒め物,肉料理,中華料理',999999999,0,'2015-01-04 16:34:00','2015-01-04 16:34:00'),
	(112,'酢豚','炒め物,肉料理,中華料理',999999999,0,'2015-01-04 16:34:00','2015-01-04 16:34:00'),
	(113,'エビチリ','炒め物,魚料理,中華料理',999999999,0,'2015-01-04 16:34:00','2015-01-04 16:34:00'),
	(114,'レバニラ','炒め物,肉料理,中華料理',999999999,0,'2015-01-04 16:34:00','2015-01-04 16:34:00'),
	(115,'韓国料理','アジア・エスニック',16,1,'2015-01-04 16:34:00','2015-01-04 16:34:00'),
	(116,'プルコギ','炒め物,肉料理,韓国料理,アジア・エスニック',999999999,0,'2015-01-04 16:34:00','2015-01-04 16:34:00'),
	(117,'カルビ','炒め物,肉料理,韓国料理,アジア・エスニック',999999999,0,'2015-01-04 16:34:00','2015-01-04 16:34:00'),
	(118,'チヂミ','炒め物,粉物,韓国料理,アジア・エスニック',999999999,0,'2015-01-04 16:34:00','2015-01-04 16:34:00'),
	(119,'ビビンバ','炒め物,米料理,韓国料理,アジア・エスニック',999999999,0,'2015-01-04 16:34:00','2015-01-04 16:34:00'),
	(120,'チャプチェ','炒め物,野菜料理,韓国料理,アジア・エスニック',999999999,0,'2015-01-04 16:34:00','2015-01-04 16:34:00'),
	(121,'スンドゥブ','鍋料理,韓国料理,アジア・エスニック',999999999,0,'2015-01-04 16:34:00','2015-01-04 16:34:00'),
	(122,'キムチチゲ','鍋料理,韓国料理,アジア・エスニック',999999999,0,'2015-01-04 16:34:00','2015-01-04 16:34:00'),
	(123,'サムゲタン','鍋料理,韓国料理,アジア・エスニック',999999999,0,'2015-01-04 16:34:00','2015-01-04 16:34:00'),
	(124,'ユッケジャン','鍋料理,韓国料理,アジア・エスニック',999999999,0,'2015-01-04 16:34:00','2015-01-04 16:34:00'),
	(125,'ピザ','粉物,イタリアン,洋食',999999999,0,'2015-01-04 16:34:00','2015-01-04 16:34:00'),
	(126,'ハンバーガー','パン料理,アメリカ料理,肉料理,洋食',999999999,0,'2015-01-04 16:34:00','2015-01-04 16:34:00'),
	(127,'サンドウィッチ','パン料理,アメリカ料理,肉料理,洋食',999999999,0,'2015-01-04 16:34:00','2015-01-04 16:34:00'),
	(128,'タイ料理','アジア・エスニック',15,1,'2015-01-04 16:34:00','2015-01-04 16:34:00'),
	(129,'トムヤムクン','スープ,タイ料理,アジア・エスニック',999999999,0,'2015-01-04 16:34:00','2015-01-04 16:34:00'),
	(130,'トムヤムラーメン','トムヤムクン,ラーメン,麺類,タイ料理,アジア・エスニック',999999999,0,'2015-01-04 16:34:00','2015-01-04 16:34:00'),
	(131,'ガパオ','炒め物,肉料理,タイ料理,アジア・エスニック',999999999,0,'2015-01-04 16:34:00','2015-01-04 16:34:00'),
	(132,'カオマンガイ','蒸し料理,肉料理,タイ料理,アジア・エスニック',999999999,0,'2015-01-04 16:34:00','2015-01-04 16:34:00'),
	(133,'パッタイ','炒め物,麺類,タイ料理,アジア・エスニック',999999999,0,'2015-01-04 16:34:00','2015-01-04 16:34:00');

/*!40000 ALTER TABLE `menu_tags` ENABLE KEYS */;
UNLOCK TABLES;


# テーブルのダンプ menu_users
# ------------------------------------------------------------

DROP TABLE IF EXISTS `menu_users`;

CREATE TABLE `menu_users` (
  `id` int(11) unsigned NOT NULL AUTO_INCREMENT,
  `menu_id` int(11) unsigned NOT NULL,
  `user_id` varchar(36) NOT NULL DEFAULT '',
  `created` datetime DEFAULT NULL,
  `modified` datetime DEFAULT NULL,
  PRIMARY KEY (`id`),
  UNIQUE KEY `menu_id` (`menu_id`,`user_id`)
) ENGINE=InnoDB DEFAULT CHARSET=utf8;

LOCK TABLES `menu_users` WRITE;
/*!40000 ALTER TABLE `menu_users` DISABLE KEYS */;

INSERT INTO `menu_users` (`id`, `menu_id`, `user_id`, `created`, `modified`)
VALUES
	(1,370,'54abe567-e898-4afe-815b-5a68cf13b2c9','2015-01-09 13:55:34','2015-01-09 13:55:34'),
	(2,329,'54abe567-e898-4afe-815b-5a68cf13b2c9','2015-01-09 13:56:14','2015-01-09 13:56:14'),
	(3,303,'54abe567-e898-4afe-815b-5a68cf13b2c9','2015-01-09 13:56:25','2015-01-09 13:56:25'),
	(4,304,'54abe567-e898-4afe-815b-5a68cf13b2c9','2015-01-09 13:56:33','2015-01-09 13:56:33'),
	(5,366,'54abe567-e898-4afe-815b-5a68cf13b2c9','2015-01-09 13:56:58','2015-01-09 13:56:58'),
	(6,323,'54abe567-e898-4afe-815b-5a68cf13b2c9','2015-01-09 13:57:07','2015-01-09 13:57:07'),
	(7,317,'54abe567-e898-4afe-815b-5a68cf13b2c9','2015-01-09 13:57:19','2015-01-09 13:57:19'),
	(8,318,'54abe567-e898-4afe-815b-5a68cf13b2c9','2015-01-09 13:57:29','2015-01-09 13:57:29'),
	(9,319,'54abe567-e898-4afe-815b-5a68cf13b2c9','2015-01-09 13:57:48','2015-01-09 13:57:48'),
	(10,320,'54abe567-e898-4afe-815b-5a68cf13b2c9','2015-01-09 13:57:56','2015-01-09 13:57:56'),
	(11,321,'54abe567-e898-4afe-815b-5a68cf13b2c9','2015-01-09 13:58:06','2015-01-09 13:58:06'),
	(12,322,'54abe567-e898-4afe-815b-5a68cf13b2c9','2015-01-09 13:58:15','2015-01-09 13:58:15'),
	(13,333,'54abe567-e898-4afe-815b-5a68cf13b2c9','2015-01-09 13:58:24','2015-01-09 13:58:24'),
	(14,334,'54abe567-e898-4afe-815b-5a68cf13b2c9','2015-01-09 13:58:56','2015-01-09 13:58:56'),
	(15,335,'54abe567-e898-4afe-815b-5a68cf13b2c9','2015-01-09 13:59:06','2015-01-09 13:59:06'),
	(16,336,'54abe567-e898-4afe-815b-5a68cf13b2c9','2015-01-09 13:59:16','2015-01-09 13:59:16'),
	(17,338,'54abe567-e898-4afe-815b-5a68cf13b2c9','2015-01-09 13:59:26','2015-01-09 13:59:26'),
	(18,339,'54abe567-e898-4afe-815b-5a68cf13b2c9','2015-01-09 13:59:45','2015-01-09 13:59:45'),
	(19,340,'54abe567-e898-4afe-815b-5a68cf13b2c9','2015-01-09 13:59:57','2015-01-09 13:59:57'),
	(20,341,'54abe567-e898-4afe-815b-5a68cf13b2c9','2015-01-09 14:00:09','2015-01-09 14:00:09'),
	(21,342,'54abe567-e898-4afe-815b-5a68cf13b2c9','2015-01-09 14:00:20','2015-01-09 14:00:20'),
	(22,343,'54abe567-e898-4afe-815b-5a68cf13b2c9','2015-01-09 14:00:38','2015-01-09 14:00:38'),
	(23,344,'54abe567-e898-4afe-815b-5a68cf13b2c9','2015-01-09 14:00:49','2015-01-09 14:00:49'),
	(24,345,'54abe567-e898-4afe-815b-5a68cf13b2c9','2015-01-09 14:01:00','2015-01-09 14:01:00'),
	(25,346,'54abe567-e898-4afe-815b-5a68cf13b2c9','2015-01-09 14:01:11','2015-01-09 14:01:11'),
	(26,307,'54abe567-e898-4afe-815b-5a68cf13b2c9','2015-01-09 14:02:08','2015-01-09 14:02:08'),
	(27,308,'54abe567-e898-4afe-815b-5a68cf13b2c9','2015-01-09 14:02:20','2015-01-09 14:02:20'),
	(28,309,'54abe567-e898-4afe-815b-5a68cf13b2c9','2015-01-09 14:02:49','2015-01-09 14:02:49'),
	(29,310,'54abe567-e898-4afe-815b-5a68cf13b2c9','2015-01-09 14:02:58','2015-01-09 14:02:58'),
	(30,311,'54abe567-e898-4afe-815b-5a68cf13b2c9','2015-01-09 14:03:32','2015-01-09 14:03:32'),
	(31,312,'54abe567-e898-4afe-815b-5a68cf13b2c9','2015-01-09 14:03:42','2015-01-09 14:03:42'),
	(32,313,'54abe567-e898-4afe-815b-5a68cf13b2c9','2015-01-09 14:03:52','2015-01-09 14:03:52'),
	(33,314,'54abe567-e898-4afe-815b-5a68cf13b2c9','2015-01-09 14:04:03','2015-01-09 14:04:03'),
	(34,315,'54abe567-e898-4afe-815b-5a68cf13b2c9','2015-01-09 14:04:12','2015-01-09 14:04:12'),
	(35,316,'54abe567-e898-4afe-815b-5a68cf13b2c9','2015-01-09 14:04:32','2015-01-09 14:04:32'),
	(36,257,'54abe567-e898-4afe-815b-5a68cf13b2c9','2015-01-09 14:04:46','2015-01-09 14:04:46'),
	(37,258,'54abe567-e898-4afe-815b-5a68cf13b2c9','2015-01-09 14:05:08','2015-01-09 14:05:08'),
	(38,259,'54abe567-e898-4afe-815b-5a68cf13b2c9','2015-01-09 14:05:23','2015-01-09 14:05:23'),
	(39,260,'54abe567-e898-4afe-815b-5a68cf13b2c9','2015-01-09 14:05:36','2015-01-09 14:05:36'),
	(40,261,'54abe567-e898-4afe-815b-5a68cf13b2c9','2015-01-09 14:06:23','2015-01-09 14:06:23'),
	(41,262,'54abe567-e898-4afe-815b-5a68cf13b2c9','2015-01-09 14:06:35','2015-01-09 14:06:35'),
	(42,263,'54abe567-e898-4afe-815b-5a68cf13b2c9','2015-01-09 14:06:45','2015-01-09 14:06:45'),
	(43,226,'54abe567-e898-4afe-815b-5a68cf13b2c9','2015-01-09 14:06:56','2015-01-09 14:06:56'),
	(44,195,'54abe567-e898-4afe-815b-5a68cf13b2c9','2015-01-09 14:07:09','2015-01-09 14:07:09'),
	(45,294,'54abe567-e898-4afe-815b-5a68cf13b2c9','2015-01-09 14:07:33','2015-01-09 14:07:33'),
	(46,347,'54abe567-e898-4afe-815b-5a68cf13b2c9','2015-01-09 14:07:51','2015-01-09 14:07:51'),
	(47,349,'54abe567-e898-4afe-815b-5a68cf13b2c9','2015-01-09 14:08:32','2015-01-09 14:08:32'),
	(48,350,'54abe567-e898-4afe-815b-5a68cf13b2c9','2015-01-09 14:08:42','2015-01-09 14:08:42'),
	(49,269,'54abe567-e898-4afe-815b-5a68cf13b2c9','2015-01-09 14:09:21','2015-01-09 14:09:21'),
	(50,177,'54abe567-e898-4afe-815b-5a68cf13b2c9','2015-01-09 14:09:35','2015-01-09 14:09:35'),
	(51,162,'54abe567-e898-4afe-815b-5a68cf13b2c9','2015-01-09 14:09:51','2015-01-09 14:09:51'),
	(52,163,'54abe567-e898-4afe-815b-5a68cf13b2c9','2015-01-09 14:10:09','2015-01-09 14:10:09'),
	(53,164,'54abe567-e898-4afe-815b-5a68cf13b2c9','2015-01-09 14:10:21','2015-01-09 14:10:21'),
	(54,165,'54abe567-e898-4afe-815b-5a68cf13b2c9','2015-01-09 14:10:31','2015-01-09 14:10:31'),
	(55,166,'54abe567-e898-4afe-815b-5a68cf13b2c9','2015-01-09 14:10:47','2015-01-09 14:10:47'),
	(56,167,'54abe567-e898-4afe-815b-5a68cf13b2c9','2015-01-09 14:10:57','2015-01-09 14:10:57'),
	(57,168,'54abe567-e898-4afe-815b-5a68cf13b2c9','2015-01-09 14:11:08','2015-01-09 14:11:08'),
	(58,169,'54abe567-e898-4afe-815b-5a68cf13b2c9','2015-01-09 14:11:18','2015-01-09 14:11:18'),
	(59,170,'54abe567-e898-4afe-815b-5a68cf13b2c9','2015-01-09 14:11:30','2015-01-09 14:11:30'),
	(60,171,'54abe567-e898-4afe-815b-5a68cf13b2c9','2015-01-09 14:11:48','2015-01-09 14:11:48'),
	(61,172,'54abe567-e898-4afe-815b-5a68cf13b2c9','2015-01-09 14:12:01','2015-01-09 14:12:01'),
	(62,173,'54abe567-e898-4afe-815b-5a68cf13b2c9','2015-01-09 14:12:22','2015-01-09 14:12:22'),
	(63,174,'54abe567-e898-4afe-815b-5a68cf13b2c9','2015-01-09 14:12:36','2015-01-09 14:12:36'),
	(64,175,'54abe567-e898-4afe-815b-5a68cf13b2c9','2015-01-09 14:12:47','2015-01-09 14:12:47'),
	(65,176,'54abe567-e898-4afe-815b-5a68cf13b2c9','2015-01-09 14:12:58','2015-01-09 14:12:58'),
	(66,131,'54abe567-e898-4afe-815b-5a68cf13b2c9','2015-01-09 14:13:41','2015-01-09 14:13:41'),
	(67,133,'54abe567-e898-4afe-815b-5a68cf13b2c9','2015-01-09 14:13:51','2015-01-09 14:13:51'),
	(68,144,'54abe567-e898-4afe-815b-5a68cf13b2c9','2015-01-09 14:14:02','2015-01-09 14:14:02'),
	(69,125,'54abe567-e898-4afe-815b-5a68cf13b2c9','2015-01-09 14:17:40','2015-01-09 14:17:40'),
	(70,128,'54abe567-e898-4afe-815b-5a68cf13b2c9','2015-01-09 14:18:00','2015-01-09 14:18:00'),
	(71,98,'54abe567-e898-4afe-815b-5a68cf13b2c9','2015-01-09 14:18:13','2015-01-09 14:18:13'),
	(72,274,'54abe567-e898-4afe-815b-5a68cf13b2c9','2015-01-09 14:18:34','2015-01-09 14:18:34'),
	(73,275,'54abe567-e898-4afe-815b-5a68cf13b2c9','2015-01-09 14:18:50','2015-01-09 14:18:50'),
	(74,277,'54abe567-e898-4afe-815b-5a68cf13b2c9','2015-01-09 14:19:10','2015-01-09 14:19:10'),
	(75,278,'54abe567-e898-4afe-815b-5a68cf13b2c9','2015-01-09 14:19:24','2015-01-09 14:19:24'),
	(76,279,'54abe567-e898-4afe-815b-5a68cf13b2c9','2015-01-09 14:19:34','2015-01-09 14:19:34'),
	(77,280,'54abe567-e898-4afe-815b-5a68cf13b2c9','2015-01-09 14:19:46','2015-01-09 14:19:46'),
	(78,281,'54abe567-e898-4afe-815b-5a68cf13b2c9','2015-01-09 14:20:01','2015-01-09 14:20:01'),
	(79,282,'54abe567-e898-4afe-815b-5a68cf13b2c9','2015-01-09 14:20:25','2015-01-09 14:20:25'),
	(80,283,'54abe567-e898-4afe-815b-5a68cf13b2c9','2015-01-09 14:20:43','2015-01-09 14:20:43'),
	(81,284,'54abe567-e898-4afe-815b-5a68cf13b2c9','2015-01-09 14:21:00','2015-01-09 14:21:00'),
	(82,285,'54abe567-e898-4afe-815b-5a68cf13b2c9','2015-01-09 14:21:15','2015-01-09 14:21:15'),
	(83,286,'54abe567-e898-4afe-815b-5a68cf13b2c9','2015-01-09 14:21:26','2015-01-09 14:21:26'),
	(84,287,'54abe567-e898-4afe-815b-5a68cf13b2c9','2015-01-09 14:21:40','2015-01-09 14:21:40'),
	(85,288,'54abe567-e898-4afe-815b-5a68cf13b2c9','2015-01-09 14:21:52','2015-01-09 14:21:52'),
	(86,289,'54abe567-e898-4afe-815b-5a68cf13b2c9','2015-01-09 14:22:04','2015-01-09 14:22:04'),
	(87,290,'54abe567-e898-4afe-815b-5a68cf13b2c9','2015-01-09 14:22:15','2015-01-09 14:22:15'),
	(88,291,'54abe567-e898-4afe-815b-5a68cf13b2c9','2015-01-09 14:22:30','2015-01-09 14:22:30'),
	(89,14,'54abe567-e898-4afe-815b-5a68cf13b2c9','2015-01-09 14:22:53','2015-01-09 14:22:53'),
	(90,25,'54abe567-e898-4afe-815b-5a68cf13b2c9','2015-01-09 14:23:13','2015-01-09 14:23:13'),
	(91,27,'54abe567-e898-4afe-815b-5a68cf13b2c9','2015-01-09 14:23:34','2015-01-09 14:23:34'),
	(92,41,'54abe567-e898-4afe-815b-5a68cf13b2c9','2015-01-09 14:23:59','2015-01-09 14:23:59'),
	(93,54,'54abe567-e898-4afe-815b-5a68cf13b2c9','2015-01-09 14:24:37','2015-01-09 14:24:37'),
	(94,53,'54abe567-e898-4afe-815b-5a68cf13b2c9','2015-01-09 14:24:49','2015-01-09 14:24:49'),
	(95,59,'54abe567-e898-4afe-815b-5a68cf13b2c9','2015-01-09 14:25:14','2015-01-09 14:25:14');

/*!40000 ALTER TABLE `menu_users` ENABLE KEYS */;
UNLOCK TABLES;


# テーブルのダンプ menus
# ------------------------------------------------------------

DROP TABLE IF EXISTS `menus`;

CREATE TABLE `menus` (
  `id` int(11) unsigned NOT NULL AUTO_INCREMENT,
  `name` varchar(255) NOT NULL DEFAULT '',
  `restaurant_id` int(11) unsigned NOT NULL,
  `description` varchar(255) DEFAULT NULL,
  `image` varchar(255) DEFAULT NULL,
  `remarks` varchar(255) DEFAULT NULL,
  `combo` tinyint(1) unsigned NOT NULL DEFAULT '0',
  `lunch` tinyint(1) unsigned NOT NULL DEFAULT '1',
  `dinner` tinyint(1) unsigned NOT NULL DEFAULT '0',
  `price` int(11) unsigned DEFAULT NULL,
  `tags` varchar(255) CHARACTER SET utf8 COLLATE utf8_unicode_ci NOT NULL DEFAULT '',
  `point` int(11) unsigned NOT NULL DEFAULT '0',
  `created` datetime DEFAULT NULL,
  `modified` datetime DEFAULT NULL,
  PRIMARY KEY (`id`),
  KEY `name` (`name`),
  FULLTEXT KEY `tags` (`tags`)
) ENGINE=MyISAM DEFAULT CHARSET=utf8;

LOCK TABLES `menus` WRITE;
/*!40000 ALTER TABLE `menus` DISABLE KEYS */;

INSERT INTO `menus` (`id`, `name`, `restaurant_id`, `description`, `image`, `remarks`, `combo`, `lunch`, `dinner`, `price`, `tags`, `point`, `created`, `modified`)
VALUES
	(1,'本日の麺セット',1,'日替り麺・日替り小丼・サラダ・漬物',NULL,'',1,1,0,900,'日替り麺',0,'2015-01-09 13:36:23','2015-01-09 13:36:23'),
	(2,'麻婆豆腐',1,'',NULL,'ごはんおかわり無料',1,1,0,900,'麻婆豆腐,炒め物,野菜料理,中華料理',0,'2015-01-09 13:36:23','2015-01-09 13:36:23'),
	(3,'麻婆板春雨',1,'',NULL,'ごはんおかわり無料',1,1,0,900,'麻婆豆腐,炒め物,野菜料理,中華料理',0,'2015-01-09 13:36:23','2015-01-09 13:36:23'),
	(4,'豚肉と赤唐辛子の細切り炒め',1,'ごはんおかわり無料',NULL,'',1,1,0,900,'炒め物,肉料理,中華料理',0,'2015-01-09 13:36:23','2015-01-09 13:36:23'),
	(5,'海老と玉子のチリソース',1,'',NULL,'ごはんおかわり無料',1,1,0,900,'炒め物,魚料理,中華料理',0,'2015-01-09 13:36:23','2015-01-09 13:36:23'),
	(6,'豚の角煮',1,'',NULL,'ごはんおかわり無料',1,1,0,900,'煮物,肉料理,中華料理',0,'2015-01-09 13:36:23','2015-01-09 13:36:23'),
	(7,'豚肉と茄子の黒味噌炒め',1,'',NULL,'ごはんおかわり無料',1,1,0,900,'炒め物,肉料理,中華料理',0,'2015-01-09 13:36:23','2015-01-09 13:36:23'),
	(8,'木耳玉子炒め',1,'',NULL,'ごはんおかわり無料',1,1,0,900,'炒め物,野菜料理,中華料理',0,'2015-01-09 13:36:23','2015-01-09 13:36:23'),
	(9,'回鍋肉',1,'',NULL,'ごはんおかわり無料',1,1,0,900,'回鍋肉,炒め物,肉料理,中華料理',0,'2015-01-09 13:36:23','2015-01-09 13:36:23'),
	(10,'レバニラ',1,'',NULL,'ごはんおかわり無料',1,1,0,900,'レバニラ,炒め物,肉料理,中華料理',0,'2015-01-09 13:36:23','2015-01-09 13:36:23'),
	(11,'豚焼肉定食',1,'',NULL,'ごはんおかわり無料',1,1,0,650,'焼肉,焼き料理,肉料理',0,'2015-01-09 13:36:23','2015-01-09 13:36:23'),
	(12,'辛豚焼肉定食',1,'',NULL,'ごはんおかわり無料',1,1,0,700,'焼肉,焼き料理,肉料理',0,'2015-01-09 13:36:23','2015-01-09 13:36:23'),
	(13,'白担々麺セット',1,'白胡麻担々麺・ごはん・漬物・焼売2個',NULL,'',1,1,0,1000,'担々麺,ラーメン,麺類,日本食',0,'2015-01-09 13:36:23','2015-01-09 13:36:23'),
	(14,'黒担々麺セット',1,'黒胡麻担々麺・ごはん・漬物・水餃子2個','/img/default_menu/IMG_56301420394117151.JPG','',1,1,0,1000,'担々麺,ラーメン,麺類,日本食',1,'2015-01-09 13:36:23','2015-01-09 14:22:53'),
	(15,'本しお麺',2,'あっさり',NULL,'',0,1,1,700,'塩ラーメン,ラーメン,麺類,日本食',0,'2015-01-09 13:36:23','2015-01-09 13:36:23'),
	(16,'本しょうゆ麺',2,'あっさり',NULL,'',0,1,1,700,'醤油ラーメン,ラーメン,麺類,日本食',0,'2015-01-09 13:36:23','2015-01-09 13:36:23'),
	(17,'博多豚骨麺',2,'こってり',NULL,'',0,1,1,700,'豚骨ラーメン,ラーメン,麺類,日本食',0,'2015-01-09 13:36:23','2015-01-09 13:36:23'),
	(18,'しお豚骨麺',2,'こってり',NULL,'',0,1,1,700,'豚骨ラーメン,ラーメン,麺類,日本食',0,'2015-01-09 13:36:23','2015-01-09 13:36:23'),
	(19,'野菜味噌豚骨麺',2,'がっつり',NULL,'',0,1,1,1000,'味噌ラーメン,ラーメン,麺類,日本食',0,'2015-01-09 13:36:23','2015-01-09 13:36:23'),
	(20,'野菜つけ麺',2,'がっつり',NULL,'',0,1,1,1000,'つけ麺,ラーメン,麺類,日本食',0,'2015-01-09 13:36:23','2015-01-09 13:36:23'),
	(21,'日替り丼セット',2,'麺 + 丼 + サラダ',NULL,'',1,1,1,950,'',0,'2015-01-09 13:36:23','2015-01-09 13:36:23'),
	(22,'自家製なめ茸丼',2,'麺 + 丼 + サラダ',NULL,'',1,1,1,1000,'丼もの,日本食',0,'2015-01-09 13:36:23','2015-01-09 13:36:23'),
	(23,'辛子たか菜丼',2,'麺 + 丼 + サラダ',NULL,'',1,1,1,1000,'高菜丼,丼もの,野菜料理,日本食',0,'2015-01-09 13:36:23','2015-01-09 13:36:23'),
	(24,'鶏もてじ丼',2,'麺 + 丼 + サラダ',NULL,'',1,1,1,1000,'丼もの,日本食',0,'2015-01-09 13:36:23','2015-01-09 13:36:23'),
	(25,'支那そば（黒だし）',3,'','/img/default_menu/IMG_883414203931491946.JPG','',0,1,1,650,'支那そば,ラーメン,麺類,日本食',1,'2015-01-09 13:36:23','2015-01-09 14:23:13'),
	(26,'肉ワンタン麺（黒だし）',3,'','/img/default_menu/IMG_883414203931647173.JPG','',0,1,1,850,'ワンタン麺,ラーメン,麺類,日本食',0,'2015-01-09 13:36:23','2015-01-09 13:36:23'),
	(27,'特製ワンタン麺（黒だし）',3,'','/img/default_menu/IMG_883414203931771361.JPG','',0,1,1,950,'ワンタン麺,ラーメン,麺類,日本食',1,'2015-01-09 13:36:23','2015-01-09 14:23:34'),
	(28,'エビワンタン麺（黒だし）',3,'','/img/default_menu/IMG_883414203931901204.JPG','',0,1,1,1050,'ワンタン麺,ラーメン,麺類,日本食',0,'2015-01-09 13:36:23','2015-01-09 13:36:23'),
	(29,'味玉そば（黒だし）',3,'','/img/default_menu/IMG_883414203932072033.JPG','',0,1,1,750,'支那そば,ラーメン,麺類,日本食',0,'2015-01-09 13:36:23','2015-01-09 13:36:23'),
	(30,'つけそば（黒だし）',3,'',NULL,'',0,1,1,680,'つけ麺,ラーメン,麺類,日本食',0,'2015-01-09 13:36:23','2015-01-09 13:36:23'),
	(31,'つけそば（肉ワンタン付き）（黒だし）',3,'',NULL,'',0,1,1,880,'つけ麺,ラーメン,麺類,日本食',0,'2015-01-09 13:36:23','2015-01-09 13:36:23'),
	(32,'つけそば（特製ワンタン付き）（黒だし）',3,'',NULL,'',0,1,1,980,'つけ麺,ラーメン,麺類,日本食',0,'2015-01-09 13:36:23','2015-01-09 13:36:23'),
	(33,'つけそば（エビワンタン付き）（黒だし）',3,'',NULL,'',0,1,1,1080,'つけ麺,ラーメン,麺類,日本食',0,'2015-01-09 13:36:23','2015-01-09 13:36:23'),
	(34,'チャーシュー麺（黒だし）',3,'','/img/default_menu/IMG_883414203932481895.JPG','',0,1,1,980,'支那そば,ラーメン,麺類,日本食',0,'2015-01-09 13:36:23','2015-01-09 13:36:23'),
	(35,'チャーシュー肉ワンタン麺（黒だし）',3,'','/img/default_menu/IMG_883414203932618455.JPG','',0,1,1,1180,'ワンタン麺,ラーメン,麺類,日本食',0,'2015-01-09 13:36:23','2015-01-09 13:36:23'),
	(36,'チャーシュー特製ワンタン麺（黒だし）',3,'','/img/default_menu/IMG_883414203932732490.JPG','',0,1,1,1280,'ワンタン麺,ラーメン,麺類,日本食',0,'2015-01-09 13:36:23','2015-01-09 13:36:23'),
	(37,'チャーシューエビワンタン麺（黒だし）',3,'','/img/default_menu/IMG_883414203932861337.JPG','',0,1,1,1380,'ワンタン麺,ラーメン,麺類,日本食',0,'2015-01-09 13:36:23','2015-01-09 13:36:23'),
	(38,'スープワンタン（黒だし）',3,'',NULL,'麺は入ってません',0,1,1,800,'ワンタン,ラーメン,麺類,日本食',0,'2015-01-09 13:36:23','2015-01-09 13:36:23'),
	(39,'支那そば（白だし）',3,'','/img/default_menu/IMG_883714203933038664.JPG','',0,1,1,650,'支那そば,ラーメン,麺類,日本食',0,'2015-01-09 13:36:23','2015-01-09 13:36:23'),
	(40,'肉ワンタン麺（白だし）',3,'','/img/default_menu/IMG_883714203933143314.JPG','',0,1,1,850,'ワンタン麺,ラーメン,麺類,日本食',0,'2015-01-09 13:36:23','2015-01-09 13:36:23'),
	(41,'特製ワンタン麺（白だし）',3,'','/img/default_menu/IMG_883714203933274904.JPG','',0,1,1,950,'ワンタン麺,ラーメン,麺類,日本食',1,'2015-01-09 13:36:23','2015-01-09 14:23:59'),
	(42,'エビワンタン麺（白だし）',3,'','/img/default_menu/IMG_883714203933638188.JPG','',0,1,1,1050,'ワンタン麺,ラーメン,麺類,日本食',0,'2015-01-09 13:36:23','2015-01-09 13:36:23'),
	(43,'味玉そば（白だし）',3,'','/img/default_menu/IMG_883714203933772546.JPG','',0,1,1,750,'支那そば,ラーメン,麺類,日本食',0,'2015-01-09 13:36:23','2015-01-09 13:36:23'),
	(44,'つけそば（白だし）',3,'',NULL,'',0,1,1,680,'つけ麺,ラーメン,麺類,日本食',0,'2015-01-09 13:36:23','2015-01-09 13:36:23'),
	(45,'つけそば（肉ワンタン付き）（白だし）',3,'',NULL,'',0,1,1,880,'つけ麺,ラーメン,麺類,日本食',0,'2015-01-09 13:36:23','2015-01-09 13:36:23'),
	(46,'つけそば（特製ワンタン付き）（白だし）',3,'',NULL,'',0,1,1,980,'つけ麺,ラーメン,麺類,日本食',0,'2015-01-09 13:36:23','2015-01-09 13:36:23'),
	(47,'つけそば（エビワンタン付き）（白だし）',3,'',NULL,'',0,1,1,1080,'つけ麺,ラーメン,麺類,日本食',0,'2015-01-09 13:36:23','2015-01-09 13:36:23'),
	(48,'チャーシュー麺（白だし）',3,'','/img/default_menu/IMG_883714203933967167.JPG','',0,1,1,980,'支那そば,ラーメン,麺類,日本食',0,'2015-01-09 13:36:23','2015-01-09 13:36:23'),
	(49,'チャーシュー肉ワンタン麺（白だし）',3,'','/img/default_menu/IMG_883714203934072433.JPG','',0,1,1,1180,'ワンタン麺,ラーメン,麺類,日本食',0,'2015-01-09 13:36:23','2015-01-09 13:36:23'),
	(50,'チャーシュー特製ワンタン麺（白だし）',3,'','/img/default_menu/IMG_883714203934171355.JPG','',0,1,1,1280,'ワンタン麺,ラーメン,麺類,日本食',0,'2015-01-09 13:36:23','2015-01-09 13:36:23'),
	(51,'チャーシューエビワンタン麺（白だし）',3,'','/img/default_menu/IMG_88371420393428297.JPG','',0,1,1,1380,'ワンタン麺,ラーメン,麺類,日本食',0,'2015-01-09 13:36:23','2015-01-09 13:36:23'),
	(52,'スープワンタン（白だし）',3,'',NULL,'麺は入ってません',0,1,1,800,'ワンタン,ラーメン,麺類,日本食',0,'2015-01-09 13:36:23','2015-01-09 13:36:23'),
	(53,'和利道つけめん',4,'','/img/default_menu/IMG_107414203938803240.JPG','',0,1,1,1050,'つけ麺,ラーメン,麺類,日本食',1,'2015-01-09 13:36:23','2015-01-09 14:24:49'),
	(54,'味玉つけめん',4,'','/img/default_menu/IMG_881414203939055181.JPG','',0,1,1,900,'つけ麺,ラーメン,麺類,日本食',1,'2015-01-09 13:36:23','2015-01-09 14:24:37'),
	(55,'辛つけめん',4,'',NULL,'',0,1,1,850,'つけ麺,ラーメン,麺類,日本食',0,'2015-01-09 13:36:23','2015-01-09 13:36:23'),
	(56,'つけめん',4,'','/img/default_menu/IMG_107414203940395175.JPG','',0,1,1,800,'つけ麺,ラーメン,麺類,日本食',0,'2015-01-09 13:36:23','2015-01-09 13:36:23'),
	(57,'和利道あつもり',4,'','/img/default_menu/IMG_1073_modified14203939601009.jpg','',0,1,1,1050,'つけ麺,ラーメン,麺類,日本食',0,'2015-01-09 13:36:23','2015-01-09 13:36:23'),
	(58,'味玉あつもり',4,'','/img/default_menu/IMG_1073_modified14203939865461.jpg','',0,1,1,900,'つけ麺,ラーメン,麺類,日本食',0,'2015-01-09 13:36:23','2015-01-09 13:36:23'),
	(59,'辛あつもり',4,'','/img/default_menu/IMG_1073_modified14203939968242.jpg','',0,1,1,850,'つけ麺,ラーメン,麺類,日本食',1,'2015-01-09 13:36:23','2015-01-09 14:25:14'),
	(60,'あつもり',4,'','/img/default_menu/IMG_1073_modified14203940087349.jpg','',0,1,1,800,'つけ麺,ラーメン,麺類,日本食',0,'2015-01-09 13:36:23','2015-01-09 13:36:23'),
	(61,'魚介そば',4,'',NULL,'冬季限定',0,1,1,750,'つけ麺,ラーメン,麺類,日本食',0,'2015-01-09 13:36:23','2015-01-09 13:36:23'),
	(62,'ラーメン',5,'',NULL,'',0,1,1,600,'支那そば,ラーメン,麺類,日本食',0,'2015-01-09 13:36:23','2015-01-09 13:36:23'),
	(63,'チャーシューメン',5,'',NULL,'',0,1,1,900,'支那そば,ラーメン,麺類,日本食',0,'2015-01-09 13:36:23','2015-01-09 13:36:23'),
	(64,'ワンタン',5,'',NULL,'',0,1,1,750,'ワンタン,ラーメン,麺類,日本食',0,'2015-01-09 13:36:23','2015-01-09 13:36:23'),
	(65,'ワンタンメン',5,'',NULL,'',0,1,1,900,'ワンタン麺,ラーメン,麺類,日本食',0,'2015-01-09 13:36:23','2015-01-09 13:36:23'),
	(66,'タンメン',5,'',NULL,'',0,1,1,850,'タンメン,ラーメン,麺類,中華料理',0,'2015-01-09 13:36:23','2015-01-09 13:36:23'),
	(67,'モヤシソバ',5,'',NULL,'',0,1,1,850,'支那そば,ラーメン,麺類,日本食',0,'2015-01-09 13:36:23','2015-01-09 13:36:23'),
	(68,'ネギソバ',5,'',NULL,'',0,1,1,850,'支那そば,ラーメン,麺類,日本食',0,'2015-01-09 13:36:23','2015-01-09 13:36:23'),
	(69,'トリソバ',5,'',NULL,'',0,1,1,850,'支那そば,ラーメン,麺類,日本食',0,'2015-01-09 13:36:23','2015-01-09 13:36:23'),
	(70,'タンタンメン',5,'',NULL,'',0,1,1,900,'担々麺,ラーメン,麺類,日本食',0,'2015-01-09 13:36:23','2015-01-09 13:36:23'),
	(71,'マーボメン',5,'',NULL,'',0,1,1,900,'麻婆麺,ラーメン,麺類,中華料理',0,'2015-01-09 13:36:23','2015-01-09 13:36:23'),
	(72,'肉細切りソバ',5,'',NULL,'',0,1,1,950,'ラーメン,麺類,中華料理',0,'2015-01-09 13:36:23','2015-01-09 13:36:23'),
	(73,'肉細切り焼ソバ',5,'',NULL,'',0,1,1,950,'焼きそば,うどん・そば,麺類,日本食',0,'2015-01-09 13:36:23','2015-01-09 13:36:23'),
	(74,'五目ウマニソバ',5,'',NULL,'',0,1,1,950,'支那そば,ラーメン,麺類,日本食',0,'2015-01-09 13:36:23','2015-01-09 13:36:23'),
	(75,'五目焼ソバ',5,'',NULL,'',0,1,1,950,'焼きそば,うどん・そば,麺類,日本食',0,'2015-01-09 13:36:23','2015-01-09 13:36:23'),
	(76,'ザーサイメン',5,'',NULL,'',0,1,1,900,'ラーメン,麺類,中華料理',0,'2015-01-09 13:36:23','2015-01-09 13:36:23'),
	(77,'エビソバ',5,'',NULL,'',0,1,1,1000,'ラーメン,麺類,中華料理',0,'2015-01-09 13:36:23','2015-01-09 13:36:23'),
	(78,'エビ焼ソバ',5,'',NULL,'',0,1,1,1000,'ラーメン,麺類,中華料理',0,'2015-01-09 13:36:23','2015-01-09 13:36:23'),
	(79,'高菜ソバ',5,'',NULL,'',0,1,1,900,'ラーメン,麺類,中華料理',0,'2015-01-09 13:36:23','2015-01-09 13:36:23'),
	(80,'辛いソバ',5,'',NULL,'',0,1,1,950,'ラーメン,麺類,中華料理',0,'2015-01-09 13:36:23','2015-01-09 13:36:23'),
	(81,'酢ノキイタ辛いソバ',5,'',NULL,'',0,1,1,1000,'ラーメン,麺類,中華料理',0,'2015-01-09 13:36:23','2015-01-09 13:36:23'),
	(82,'チャーハン',5,'',NULL,'',0,1,1,800,'チャーハン,炒め物,米料理,中華料理',0,'2015-01-09 13:36:23','2015-01-09 13:36:23'),
	(83,'エビチャーハン',5,'',NULL,'',0,1,1,950,'チャーハン,炒め物,米料理,中華料理',0,'2015-01-09 13:36:23','2015-01-09 13:36:23'),
	(84,'カニチャーハン',5,'',NULL,'',0,1,1,950,'チャーハン,炒め物,米料理,中華料理',0,'2015-01-09 13:36:23','2015-01-09 13:36:23'),
	(85,'五目ウマニかけ飯',5,'',NULL,'',0,1,1,950,'中華飯,丼もの,炒め物,米料理,中華料理',0,'2015-01-09 13:36:23','2015-01-09 13:36:23'),
	(86,'マーボ丼',5,'',NULL,'',0,1,1,900,'麻婆丼,麻婆豆腐,丼もの,野菜料理,中華料理',0,'2015-01-09 13:36:23','2015-01-09 13:36:23'),
	(87,'カニ玉丼',5,'',NULL,'',0,1,1,1000,'丼もの,野菜料理,中華料理',0,'2015-01-09 13:36:23','2015-01-09 13:36:23'),
	(88,'エビウマニかけ飯',5,'',NULL,'',0,1,1,1000,'丼もの,野菜料理,中華料理',0,'2015-01-09 13:36:23','2015-01-09 13:36:23'),
	(89,'ボンボン特製キーマカレー',6,'',NULL,'',0,1,0,980,'キーマカレー,カレー,インドカレー,インド料理,アジア・エスニック',0,'2015-01-09 13:36:23','2015-01-09 13:36:23'),
	(90,'子羊と春野菜のグリル トマトソース',6,'',NULL,'',0,1,0,980,'肉料理,洋食',0,'2015-01-09 13:36:23','2015-01-09 13:36:23'),
	(91,'ハーブ塩で漬込んだ鶏のスパイシーグリル',6,'',NULL,'',0,1,0,980,'グリルチキン,定食,焼き物,鶏肉料理,洋食',0,'2015-01-09 13:36:23','2015-01-09 13:36:23'),
	(92,'手作り自家製ハンバーグ',6,'',NULL,'',0,1,0,1080,'ハンバーグ,焼き物,肉料理,アメリカ料理',0,'2015-01-09 13:36:23','2015-01-09 13:36:23'),
	(93,'トマトがたっぷり ビストロカレー',6,'',NULL,'',0,1,0,980,'カレーライス,カレー,日本食',0,'2015-01-09 13:36:23','2015-01-09 13:36:23'),
	(94,'厚切りロースカツレツ',6,'',NULL,'',0,1,0,1080,'とんかつ,定食,揚げ物,肉料理,日本食',0,'2015-01-09 13:36:23','2015-01-09 13:36:23'),
	(95,'麻婆豆腐',7,'',NULL,'',1,1,0,898,'麻婆豆腐,炒め物,野菜料理,中華料理',0,'2015-01-09 13:36:23','2015-01-09 13:36:23'),
	(96,'青椒牛肉絲',7,'',NULL,'',1,1,0,898,'炒め物,肉料理,中華料理',0,'2015-01-09 13:36:23','2015-01-09 13:36:23'),
	(97,'海老チリソース',7,'',NULL,'',1,1,0,898,'エビチリ,炒め物,魚料理,中華料理',0,'2015-01-09 13:36:23','2015-01-09 13:36:23'),
	(98,'黒酢酢豚',7,'','/img/default_menu/IMG_856614203880057108.JPG','',1,1,0,898,'酢豚,炒め物,肉料理,中華料理',1,'2015-01-09 13:36:23','2015-01-09 14:18:13'),
	(99,'海老の玉子炒め',7,'',NULL,'',1,1,0,898,'炒め物,肉料理,中華料理',0,'2015-01-09 13:36:23','2015-01-09 13:36:23'),
	(100,'回鍋肉',7,'',NULL,'',1,1,0,898,'回鍋肉,炒め物,肉料理,中華料理',0,'2015-01-09 13:36:23','2015-01-09 13:36:23'),
	(101,'鶏バリバリ揚げ',7,'',NULL,'',1,1,0,898,'揚げ物,鶏肉料理,中華料理',0,'2015-01-09 13:36:23','2015-01-09 13:36:23'),
	(102,'肉野菜炒め',7,'',NULL,'',1,1,0,898,'野菜炒め,定食,炒め物,野菜料理,日本食',0,'2015-01-09 13:36:23','2015-01-09 13:36:23'),
	(103,'鶏肉の辛子炒め',7,'',NULL,'',1,1,0,898,'炒め物,鶏肉料理,中華料理',0,'2015-01-09 13:36:23','2015-01-09 13:36:23'),
	(104,'香辣(シャンラー)牛刀削麺',7,'',NULL,'',0,1,0,898,'刃削麺,ラーメン,麺類,中華料理',0,'2015-01-09 13:36:23','2015-01-09 13:36:23'),
	(105,'高菜牛バラ刀削麺',7,'',NULL,'',0,1,0,898,'刃削麺,ラーメン,麺類,中華料理',0,'2015-01-09 13:36:23','2015-01-09 13:36:23'),
	(106,'酸辣刀削麺',7,'',NULL,'',0,1,0,898,'刃削麺,ラーメン,麺類,中華料理',0,'2015-01-09 13:36:23','2015-01-09 13:36:23'),
	(107,'麻辣刀削麺',7,'',NULL,'',0,1,0,898,'刃削麺,ラーメン,麺類,中華料理',0,'2015-01-09 13:36:23','2015-01-09 13:36:23'),
	(108,'白胡麻刀削麺',7,'',NULL,'',0,1,0,898,'刃削麺,ラーメン,麺類,中華料理',0,'2015-01-09 13:36:23','2015-01-09 13:36:23'),
	(109,'黒胡麻刀削麺',7,'',NULL,'',0,1,0,898,'刃削麺,ラーメン,麺類,中華料理',0,'2015-01-09 13:36:23','2015-01-09 13:36:23'),
	(110,'葱醤油刀削麺',7,'',NULL,'',0,1,0,898,'刃削麺,ラーメン,麺類,中華料理',0,'2015-01-09 13:36:23','2015-01-09 13:36:23'),
	(111,'海鮮塩刀削麺',7,'',NULL,'',0,1,0,898,'刃削麺,ラーメン,麺類,中華料理',0,'2015-01-09 13:36:23','2015-01-09 13:36:23'),
	(112,'五目刀削麺',7,'',NULL,'',0,1,0,898,'刃削麺,ラーメン,麺類,中華料理',0,'2015-01-09 13:36:23','2015-01-09 13:36:23'),
	(113,'角煮油撥刀削麺',7,'',NULL,'',0,1,0,898,'刃削麺,ラーメン,麺類,中華料理',0,'2015-01-09 13:36:23','2015-01-09 13:36:23'),
	(114,'肉味噌刀削麺',7,'',NULL,'',0,1,0,898,'刃削麺,ラーメン,麺類,中華料理',0,'2015-01-09 13:36:23','2015-01-09 13:36:23'),
	(115,'麻婆豆腐刀削麺',7,'',NULL,'',0,1,0,898,'刃削麺,ラーメン,麺類,中華料理',0,'2015-01-09 13:36:23','2015-01-09 13:36:23'),
	(116,'五目あんがけ焼きそば',7,'',NULL,'',0,1,0,898,'焼きそば,麺類,中華料理',0,'2015-01-09 13:36:23','2015-01-09 13:36:23'),
	(117,'海鮮塩あんがけ焼きそば',7,'',NULL,'',0,1,0,898,'焼きそば,麺類,中華料理',0,'2015-01-09 13:36:23','2015-01-09 13:36:23'),
	(118,'桜エビ焼きビーフン',7,'',NULL,'',0,1,0,898,'焼きそば,麺類,中華料理',0,'2015-01-09 13:36:23','2015-01-09 13:36:23'),
	(119,'焼豚＆高菜炒飯',7,'',NULL,'',0,1,0,898,'チャーハン,炒め物,米料理,中華料理',0,'2015-01-09 13:36:23','2015-01-09 13:36:23'),
	(120,'フカヒレあんがけ炒飯',7,'',NULL,'',0,1,0,898,'チャーハン,炒め物,米料理,中華料理',0,'2015-01-09 13:36:23','2015-01-09 13:36:23'),
	(121,'角煮入り野菜たっぷり炒飯',7,'',NULL,'',0,1,0,898,'チャーハン,炒め物,米料理,中華料理',0,'2015-01-09 13:36:23','2015-01-09 13:36:23'),
	(122,'タイの日替りランチ',8,'スープ・ミニサラダ・デザート付き',NULL,'',1,1,0,880,'タイ料理,アジア・エスニック',0,'2015-01-09 13:36:23','2015-01-09 13:36:23'),
	(123,'名物！！総州古白鶏のタイ釜飯',8,'スープ・ミニサラダ・デザート付き',NULL,'',1,1,0,900,'タイ料理,アジア・エスニック',0,'2015-01-09 13:36:23','2015-01-09 13:36:23'),
	(124,'豚挽き肉のガパオ炒めご飯フライドエッグのせ',8,'スープ・ミニサラダ・デザート付き',NULL,'',1,1,0,880,'ガパオ,炒め物,肉料理,タイ料理,アジア・エスニック',0,'2015-01-09 13:36:23','2015-01-09 13:36:23'),
	(125,'特製グリーンカレー',8,'スープ・ミニサラダ・デザート付き','/img/default_menu/IMG_848814203917893615.JPG','',1,1,0,900,'グリーンカレー,カレー,タイカレー,タイ料理,アジア・エスニック',1,'2015-01-09 13:36:23','2015-01-09 14:17:40'),
	(126,'タイの焼きビーフン',8,'スープ・ミニサラダ・デザート付き',NULL,'',1,1,0,880,'タイ料理,麺類,アジア・エスニック',0,'2015-01-09 13:36:23','2015-01-09 13:36:23'),
	(127,'タイのしょう油汁そば',8,'スープ・ミニサラダ・デザート付き',NULL,'',1,1,0,880,'タイ料理,麺類,アジア・エスニック',0,'2015-01-09 13:36:23','2015-01-09 13:36:23'),
	(128,'激辛トムヤム汁そば',8,'','/img/default_menu/IMG_848514203918083233.JPG','',1,1,0,880,'トムヤムラーメン,トムヤムクン,ラーメン,麺類,タイ料理,アジア・エスニック',1,'2015-01-09 13:36:23','2015-01-09 14:18:00'),
	(129,'グリーンカレーラーメン',8,'スープ・ミニサラダ・デザート付き',NULL,'',1,1,0,900,'ラーメン,麺類,カレー,グリーンカレー,タイカレー,タイ料理,アジア・エスニック',0,'2015-01-09 13:36:23','2015-01-09 13:36:23'),
	(130,'じっくり煮込んだビーフカレー',9,'',NULL,'ランチセットは1000円でスープ＋コーヒーor紅茶',0,1,1,820,'カレーライス,カレー,日本食',0,'2015-01-09 13:36:23','2015-01-09 13:36:23'),
	(131,'野菜たっぷりベジタブルカレー',9,'','/img/default_menu/IMG_765614203924253693.JPG','ランチセットは1000円でスープ＋コーヒーor紅茶',0,1,1,820,'カレーライス,カレー,日本食',1,'2015-01-09 13:36:23','2015-01-09 14:13:41'),
	(132,'若鶏のチキンカレー',9,'',NULL,'ランチセットは1000円でスープ＋コーヒーor紅茶',0,1,1,820,'カレーライス,カレー,日本食',0,'2015-01-09 13:36:24','2015-01-09 13:36:24'),
	(133,'黒豚ロースのカツカレー',9,'','/img/default_menu/IMG_765914203924466170.JPG','ランチセットは1150円でスープ＋コーヒーor紅茶',0,1,1,950,'カレーライス,カレー,日本食',1,'2015-01-09 13:36:24','2015-01-09 14:13:51'),
	(134,'砦らぁめん',10,'','/img/default_menu/IMG_88491420393640580.JPG','',0,1,1,720,'豚骨ラーメン,ラーメン,麺類,日本食',0,'2015-01-09 13:36:24','2015-01-09 13:36:24'),
	(135,'肉もやしらぁめん',10,'',NULL,'',0,1,1,880,'豚骨ラーメン,ラーメン,麺類,日本食',0,'2015-01-09 13:36:24','2015-01-09 13:36:24'),
	(136,'のりと半熟玉子らぁめん',10,'','/img/default_menu/IMG_768914203936729317.JPG','',0,1,1,880,'豚骨ラーメン,ラーメン,麺類,日本食',0,'2015-01-09 13:36:24','2015-01-09 13:36:24'),
	(137,'肉増しらぁめん',10,'',NULL,'',0,1,1,930,'豚骨ラーメン,ラーメン,麺類,日本食',0,'2015-01-09 13:36:24','2015-01-09 13:36:24'),
	(138,'和だしつけ麺',10,'',NULL,'',0,1,1,900,'つけ麺,ラーメン,麺類,日本食',0,'2015-01-09 13:36:24','2015-01-09 13:36:24'),
	(139,'ゆず辛つけ麺',10,'','/img/default_menu/IMG_76881420393695570.JPG','',0,1,1,1000,'つけ麺,ラーメン,麺類,日本食',0,'2015-01-09 13:36:24','2015-01-09 13:36:24'),
	(140,'ハンバーガー',11,'',NULL,'サラダ・ポテト・ドリンク別',0,1,1,900,'ハンバーガー,パン料理,アメリカ料理,肉料理,洋食',0,'2015-01-09 13:36:24','2015-01-09 13:36:24'),
	(141,'チーズバーガー',11,'',NULL,'サラダ・ポテト・ドリンク別',0,1,1,1050,'ハンバーガー,パン料理,アメリカ料理,肉料理,洋食',0,'2015-01-09 13:36:24','2015-01-09 13:36:24'),
	(142,'ベーコンチーズバーガー',11,'',NULL,'サラダ・ポテト・ドリンク別',0,1,1,1200,'ハンバーガー,パン料理,アメリカ料理,肉料理,洋食',0,'2015-01-09 13:36:24','2015-01-09 13:36:24'),
	(143,'エッグバーガー',11,'',NULL,'サラダ・ポテト・ドリンク別',0,1,1,1050,'ハンバーガー,パン料理,アメリカ料理,肉料理,洋食',0,'2015-01-09 13:36:24','2015-01-09 13:36:24'),
	(144,'エッグベーコンバーガー',11,'','/img/default_menu/IMG_843314203908749986.JPG','サラダ・ポテト・ドリンク別',0,1,1,1200,'ハンバーガー,パン料理,アメリカ料理,肉料理,洋食',1,'2015-01-09 13:36:24','2015-01-09 14:14:02'),
	(145,'アボカドバーガー',11,'',NULL,'サラダ・ポテト・ドリンク別',0,1,1,1200,'ハンバーガー,パン料理,アメリカ料理,肉料理,洋食',0,'2015-01-09 13:36:24','2015-01-09 13:36:24'),
	(146,'アボカドチーズバーガー',11,'',NULL,'サラダ・ポテト・ドリンク別',0,1,1,1350,'ハンバーガー,パン料理,アメリカ料理,肉料理,洋食',0,'2015-01-09 13:36:24','2015-01-09 13:36:24'),
	(147,'ダブルバーガー',11,'',NULL,'サラダ・ポテト・ドリンク別',0,1,1,1300,'ハンバーガー,パン料理,アメリカ料理,肉料理,洋食',0,'2015-01-09 13:36:24','2015-01-09 13:36:24'),
	(148,'ダブルチーズバーガー',11,'',NULL,'サラダ・ポテト・ドリンク別',0,1,1,1650,'ハンバーガー,パン料理,アメリカ料理,肉料理,洋食',0,'2015-01-09 13:36:24','2015-01-09 13:36:24'),
	(149,'フィッシュバーガー',11,'',NULL,'サラダ・ポテト・ドリンク別',0,1,1,980,'ハンバーガー,パン料理,アメリカ料理,肉料理,洋食',0,'2015-01-09 13:36:24','2015-01-09 13:36:24'),
	(150,'本日の日替りカレー',12,'ナンorサフランライス・サラダ・ドリンク付き',NULL,'辛さ2',1,1,0,950,'インドカレー,カレー,インド料理,アジア・エスニック',0,'2015-01-09 13:36:24','2015-01-09 13:36:24'),
	(151,'キーマエッグカレー',12,'ナンorサフランライス・サラダ・ドリンク付き',NULL,'辛さ2',1,1,0,950,'キーマカレー,カレー,インドカレー,インド料理,アジア・エスニック',0,'2015-01-09 13:36:24','2015-01-09 13:36:24'),
	(152,'チキンカレー',12,'ナンorサフランライス・サラダ・ドリンク付き',NULL,'辛さ2',1,1,0,950,'インドカレー,カレー,インド料理,アジア・エスニック',0,'2015-01-09 13:36:24','2015-01-09 13:36:24'),
	(153,'野菜カレー',12,'ナンorサフランライス・サラダ・ドリンク付き',NULL,'辛さ1',1,1,0,980,'インドカレー,カレー,インド料理,アジア・エスニック',0,'2015-01-09 13:36:24','2015-01-09 13:36:24'),
	(154,'マトンカレー',12,'ナンorサフランライス・サラダ・ドリンク付き','/img/default_menu/IMG_20141118_13353414203916209105.jpg','辛さ2',1,1,0,980,'マトンカレー,カレー,インドカレー,インド料理,アジア・エスニック',0,'2015-01-09 13:36:24','2015-01-09 13:36:24'),
	(155,'サグチキンカレー',12,'ナンorサフランライス・サラダ・ドリンク付き',NULL,'辛さ1',1,1,0,980,'サグカレー,カレー,インドカレー,インド料理,アジア・エスニック',0,'2015-01-09 13:36:24','2015-01-09 13:36:24'),
	(156,'ミックスシーフードカレー',12,'ナンorサフランライス・サラダ・ドリンク付き',NULL,'辛さ1',1,1,0,980,'インドカレー,カレー,インド料理,アジア・エスニック',0,'2015-01-09 13:36:24','2015-01-09 13:36:24'),
	(157,'牛肉刀削麺',13,'',NULL,'#ERROR!',0,1,0,850,'刃削麺,ラーメン,麺類,中華料理',0,'2015-01-09 13:36:24','2015-01-09 13:36:24'),
	(158,'麻辣刀削麺',13,'',NULL,'#ERROR!',0,1,0,700,'刃削麺,ラーメン,麺類,中華料理',0,'2015-01-09 13:36:24','2015-01-09 13:36:24'),
	(159,'担々刀削麺',13,'',NULL,'#ERROR!',0,1,0,700,'刃削麺,ラーメン,麺類,中華料理',0,'2015-01-09 13:36:24','2015-01-09 13:36:24'),
	(160,'葱油叉焼刀削麺',13,'',NULL,'#ERROR!',0,1,0,700,'刃削麺,ラーメン,麺類,中華料理',0,'2015-01-09 13:36:24','2015-01-09 13:36:24'),
	(161,'ユーボ麺',13,'',NULL,'#ERROR!',0,1,0,850,'刃削麺,ラーメン,麺類,中華料理',0,'2015-01-09 13:36:24','2015-01-09 13:36:24'),
	(162,'ドラゴン純豆腐',14,'豆腐、卵、あさり、豚バラ、ネギ、エビ、イカ、ホタテ、鶏肉、つみれ(名古屋コーチン)、明太子','/img/default_menu/14203902983747.png','',0,1,1,1250,'スンドゥブ,鍋料理,韓国料理,アジア・エスニック',1,'2015-01-09 13:36:24','2015-01-09 14:09:51'),
	(163,'チーズ純豆腐',14,'豆腐、卵、あさり、豚バラ、ネギ、ミックスチーズ','/img/default_menu/14203903533553.png','',0,1,1,1000,'スンドゥブ,鍋料理,韓国料理,アジア・エスニック',1,'2015-01-09 13:36:24','2015-01-09 14:10:09'),
	(164,'地鶏つみれ純豆腐',14,'豆腐、卵、あさり、豚バラ、ネギ、つみれ(名古屋コーチン)','/img/default_menu/14203904647056.png','',0,1,1,1100,'スンドゥブ,鍋料理,韓国料理,アジア・エスニック',1,'2015-01-09 13:36:24','2015-01-09 14:10:21'),
	(165,'黒豚キムチ純豆腐',14,'豆腐、卵、あさり、豚バラ、ネギ、キムチ、鹿児島産黒豚','/img/default_menu/14203905097555.JPG','',0,1,1,1100,'スンドゥブ,鍋料理,韓国料理,アジア・エスニック',1,'2015-01-09 13:36:24','2015-01-09 14:10:31'),
	(166,'水餃子純豆腐',14,'豆腐、卵、あさり、豚バラ、ネギ、水餃子','/img/default_menu/14203905357072.JPG','',0,1,1,1050,'スンドゥブ,鍋料理,韓国料理,アジア・エスニック',1,'2015-01-09 13:36:24','2015-01-09 14:10:47'),
	(167,'トマト純豆腐',14,'豆腐、卵、あさり、豚バラ、ネギ、トマト','/img/default_menu/142039056532.png','',0,1,1,950,'スンドゥブ,鍋料理,韓国料理,アジア・エスニック',1,'2015-01-09 13:36:24','2015-01-09 14:10:57'),
	(168,'きつね純豆腐',14,'豆腐、卵、あさり、豚バラ、ネギ、油揚げ','/img/default_menu/14203906182169.png','',0,1,1,950,'スンドゥブ,鍋料理,韓国料理,アジア・エスニック',1,'2015-01-09 13:36:24','2015-01-09 14:11:08'),
	(169,'ホワイト純豆腐',14,'豆腐、あさり、鶏肉、ネギ、プゴク','/img/default_menu/14203906307269.png','',0,1,1,1000,'スンドゥブ,鍋料理,韓国料理,アジア・エスニック',1,'2015-01-09 13:36:24','2015-01-09 14:11:18'),
	(170,'牛スジ純豆腐',14,'豆腐、卵、あさり、豚バラ、ネギ、牛スジ','/img/default_menu/1420390644648.png','',0,1,1,1050,'スンドゥブ,鍋料理,韓国料理,アジア・エスニック',1,'2015-01-09 13:36:24','2015-01-09 14:11:30'),
	(171,'明太子純豆腐',14,'豆腐、卵、あさり、豚バラ、ネギ、明太子','/img/default_menu/14203906587242.png','',0,1,1,1000,'スンドゥブ,鍋料理,韓国料理,アジア・エスニック',1,'2015-01-09 13:36:24','2015-01-09 14:11:48'),
	(172,'納豆純豆腐',14,'豆腐、卵、あさり、豚バラ、ネギ、納豆','/img/default_menu/1420390671701.png','',0,1,1,1000,'スンドゥブ,鍋料理,韓国料理,アジア・エスニック',1,'2015-01-09 13:36:24','2015-01-09 14:12:01'),
	(173,'鶏純豆腐',14,'豆腐、卵、あさり、豚バラ、ネギ、鶏肉(美桜鶏)','/img/default_menu/14203906906568.png','',0,1,1,1050,'スンドゥブ,鍋料理,韓国料理,アジア・エスニック',1,'2015-01-09 13:36:24','2015-01-09 14:12:22'),
	(174,'3種のキノコ純豆腐',14,'豆腐、卵、あさり、豚バラ、ネギ、エリンギ、舞茸、シメジ','/img/default_menu/14203907016131.png','',0,1,1,1100,'スンドゥブ,鍋料理,韓国料理,アジア・エスニック',1,'2015-01-09 13:36:24','2015-01-09 14:12:36'),
	(175,'モチ明太チーズ純豆腐',14,'豆腐、卵、あさり、豚バラ、ネギ、餅、明太子、チーズ','/img/default_menu/14203907136768.png','',0,1,1,1150,'スンドゥブ,鍋料理,韓国料理,アジア・エスニック',1,'2015-01-09 13:36:24','2015-01-09 14:12:47'),
	(176,'海鮮純豆腐',14,'豆腐、卵、あさり、豚バラ、ネギ、エビ、ホタテ、イカ','/img/default_menu/14203907265355.png','',0,1,1,1150,'スンドゥブ,鍋料理,韓国料理,アジア・エスニック',1,'2015-01-09 13:36:24','2015-01-09 14:12:59'),
	(177,'日式・汁なし担々麺',15,'香家オリジナル担々麺。ピリ辛の肉味噌と、当店オリジナルのちぢれ麺にたっぷり絡んだ独特の胡麻の風味がベストマッチ！','/img/default_menu/IMG_100514203927738576.JPG','ハーフ麺のレディースセットもあり',1,1,0,980,'担々麺,ラーメン,麺類,日本食',1,'2015-01-09 13:36:24','2015-01-09 14:09:35'),
	(178,'麻辣汁なし担々麺',15,'八角などの本格スパイスをたっぷり使ったスパイシーな汁なし担々麺。',NULL,'ハーフ麺のレディースセットもあり',1,1,0,980,'担々麺,ラーメン,麺類,日本食',0,'2015-01-09 13:36:24','2015-01-09 13:36:24'),
	(179,'姫・担々麺',15,'鬼・担々麺より辛さはひかえめ。コクのある胡麻の風味豊かな味わい担々麺。',NULL,'ハーフ麺のレディースセットもあり',1,1,0,980,'担々麺,ラーメン,麺類,日本食',0,'2015-01-09 13:36:24','2015-01-09 13:36:24'),
	(180,'鬼・担々麺',15,'これぞ本格の味！',NULL,'ハーフ麺のレディースセットもあり',1,1,0,980,'担々麺,ラーメン,麺類,日本食',0,'2015-01-09 13:36:24','2015-01-09 13:36:24'),
	(181,'青鬼・担々麺',15,'さわやかな香りの山椒をたっぷり仕様しました。',NULL,'ハーフ麺のレディースセットもあり',1,1,0,980,'担々麺,ラーメン,麺類,日本食',0,'2015-01-09 13:36:24','2015-01-09 13:36:24'),
	(182,'えびわんたん麺',15,'',NULL,'ハーフ麺のレディースセットもあり',1,1,0,980,'ワンタン麺,ラーメン,麺類,中華料理',0,'2015-01-09 13:36:24','2015-01-09 13:36:24'),
	(183,'香港式あえ麺',15,'',NULL,'ハーフ麺のレディースセットもあり',1,1,0,930,'焼きそば,うどん・そば,麺類,日本食',0,'2015-01-09 13:36:24','2015-01-09 13:36:24'),
	(184,'ねぎ麺',15,'たっぷりのったネギの香りと歯ごたえをお楽しみください。',NULL,'ハーフ麺のレディースセットもあり',1,1,0,880,'ラーメン,麺類,日本食',0,'2015-01-09 13:36:24','2015-01-09 13:36:24'),
	(185,'とり麺',15,'あっさり派の方におすすめ。',NULL,'ハーフ麺のレディースセットもあり',1,1,0,980,'ラーメン,麺類,日本食',0,'2015-01-09 13:36:24','2015-01-09 13:36:24'),
	(186,'俺流塩らーめん',16,'',NULL,'',0,1,1,650,'塩ラーメン,ラーメン,麺類,日本食',0,'2015-01-09 13:36:24','2015-01-09 13:36:24'),
	(187,'俺流熟減塩らーめん',16,'',NULL,'',0,1,1,680,'塩ラーメン,ラーメン,麺類,日本食',0,'2015-01-09 13:36:24','2015-01-09 13:36:24'),
	(188,'俺流辛塩らーめん',16,'',NULL,'',0,1,1,700,'塩ラーメン,ラーメン,麺類,日本食',0,'2015-01-09 13:36:24','2015-01-09 13:36:24'),
	(189,'俺流冷やしらーめん',16,'',NULL,'',0,1,1,780,'塩ラーメン,ラーメン,麺類,日本食',0,'2015-01-09 13:36:24','2015-01-09 13:36:24'),
	(190,'俺流あさりらーめん',16,'',NULL,'',0,1,1,780,'塩ラーメン,ラーメン,麺類,日本食',0,'2015-01-09 13:36:24','2015-01-09 13:36:24'),
	(191,'俺流やさいらーめん',16,'',NULL,'',0,1,1,780,'塩ラーメン,ラーメン,麺類,日本食',0,'2015-01-09 13:36:24','2015-01-09 13:36:24'),
	(192,'俺流塩つけめん',16,'',NULL,'',0,1,1,750,'つけ麺,ラーメン,麺類,日本食',0,'2015-01-09 13:36:24','2015-01-09 13:36:24'),
	(193,'俺流みそつけめん',16,'',NULL,'',0,1,1,780,'つけ麺,ラーメン,麺類,日本食',0,'2015-01-09 13:36:24','2015-01-09 13:36:24'),
	(194,'俺流冷やし中華',16,'',NULL,'',0,1,1,680,'冷やし中華,麺類,日本料理',0,'2015-01-09 13:36:24','2015-01-09 13:36:24'),
	(195,'広州雲呑麺',17,'煮豚飯or高菜飯or麻婆飯セット','/img/default_menu/IMG_20141216_13561614203926251730.jpg','',0,1,1,740,'ワンタン麺,ラーメン,麺類,中華料理',1,'2015-01-09 13:36:24','2015-01-09 14:07:09'),
	(196,'鶏と野菜の雲呑麺',17,'煮豚飯or高菜飯or麻婆飯セット','/img/default_menu/IMG_20141216_13561614203926371931.jpg','',0,1,1,760,'ワンタン麺,ラーメン,麺類,中華料理',0,'2015-01-09 13:36:24','2015-01-09 13:36:24'),
	(197,'清湯海老雲呑麺',17,'煮豚飯or高菜飯or麻婆飯セット','/img/default_menu/IMG_20141216_13561614203926676987.jpg','',0,1,1,790,'ワンタン麺,ラーメン,麺類,中華料理',0,'2015-01-09 13:36:24','2015-01-09 13:36:24'),
	(198,'三種盛り雲呑麺',17,'煮豚飯or高菜飯or麻婆飯セット','/img/default_menu/IMG_20141216_13561614203926808255.jpg','',0,1,1,790,'ワンタン麺,ラーメン,麺類,中華料理',0,'2015-01-09 13:36:24','2015-01-09 13:36:24'),
	(199,'ネギ塩雲呑麺',17,'煮豚飯or高菜飯or麻婆飯セット','/img/default_menu/IMG_20141216_13561614203926919745.jpg','',0,1,1,760,'ワンタン麺,ラーメン,麺類,中華料理',0,'2015-01-09 13:36:24','2015-01-09 13:36:24'),
	(200,'叉焼雲呑麺',17,'','/img/default_menu/IMG_20141216_13561614203927053621.jpg','',0,1,1,740,'ワンタン麺,ラーメン,麺類,中華料理',0,'2015-01-09 13:36:24','2015-01-09 13:36:24'),
	(201,'広州雲呑',17,'',NULL,'',0,1,1,740,'ワンタン,ラーメン,麺類,中華料理',0,'2015-01-09 13:36:24','2015-01-09 13:36:24'),
	(202,'拉麺',17,'',NULL,'',0,1,1,580,'ラーメン,麺類,日本食',0,'2015-01-09 13:36:24','2015-01-09 13:36:24'),
	(203,'黒豚雲呑麺',17,'',NULL,'',0,1,1,850,'ワンタン,ラーメン,麺類,中華料理',0,'2015-01-09 13:36:24','2015-01-09 13:36:24'),
	(204,'濃厚海老雲呑麺',17,'',NULL,'',0,1,1,780,'ワンタン,ラーメン,麺類,中華料理',0,'2015-01-09 13:36:24','2015-01-09 13:36:24'),
	(205,'濃厚黒豚雲呑麺',17,'',NULL,'',0,1,1,850,'ワンタン,ラーメン,麺類,中華料理',0,'2015-01-09 13:36:24','2015-01-09 13:36:24'),
	(206,'担々麺',17,'',NULL,'',0,1,1,790,'担々麺,ラーメン,麺類,日本食',0,'2015-01-09 13:36:24','2015-01-09 13:36:24'),
	(207,'マルゲリータ',18,'トマトソース、モッツァレラチーズ、バジル',NULL,'その他トッピング',0,1,1,1000,'ピザ,粉物,イタリアン,洋食',0,'2015-01-09 13:36:24','2015-01-09 13:36:24'),
	(208,'マリナーラ',18,'トマトソース、バジリコ、ガーリック、オレガノ',NULL,'その他トッピング',0,1,1,1000,'ピザ,粉物,イタリアン,洋食',0,'2015-01-09 13:36:24','2015-01-09 13:36:24'),
	(209,'マルゲリータ アッラ コッカ',18,'トマトソース、モッツァレラチーズ、バジル、タマゴ',NULL,'その他トッピング',0,1,1,1000,'ピザ,粉物,イタリアン,洋食',0,'2015-01-09 13:36:24','2015-01-09 13:36:24'),
	(210,'マルゲリータ アル トンノ',18,'トマトソース、モッツァレラチーズ、バジル、ツナ',NULL,'その他トッピング',0,1,1,1000,'ピザ,粉物,イタリアン,洋食',0,'2015-01-09 13:36:24','2015-01-09 13:36:24'),
	(211,'マルゲリータ コン フンギ',18,'トマトソース、モッツァレラチーズ、バジル、キノコ',NULL,'その他トッピング',0,1,1,1000,'ピザ,粉物,イタリアン,洋食',0,'2015-01-09 13:36:24','2015-01-09 13:36:24'),
	(212,'マルゲリータ コン マイス',18,'トマトソース、モッツァレラチーズ、バジル、コーン',NULL,'その他トッピング',0,1,1,1000,'ピザ,粉物,イタリアン,洋食',0,'2015-01-09 13:36:24','2015-01-09 13:36:24'),
	(213,'マルゲリータ',19,'看板ピッツァ',NULL,'',0,1,1,500,'ピザ,粉物,イタリアン,洋食',0,'2015-01-09 13:36:24','2015-01-09 13:36:24'),
	(214,'ジェノベーゼ',19,'バジルソースたっぷり',NULL,'',0,1,1,500,'ピザ,粉物,イタリアン,洋食',0,'2015-01-09 13:36:24','2015-01-09 13:36:24'),
	(215,'マリナーラ',19,'ガーリックが香ばしい',NULL,'',0,1,1,500,'ピザ,粉物,イタリアン,洋食',0,'2015-01-09 13:36:24','2015-01-09 13:36:24'),
	(216,'ナポレターノ',19,'アンチョビ',NULL,'',0,1,1,500,'ピザ,粉物,イタリアン,洋食',0,'2015-01-09 13:36:24','2015-01-09 13:36:24'),
	(217,'プリマベーラ',19,'野菜たっぷり',NULL,'',0,1,1,650,'ピザ,粉物,イタリアン,洋食',0,'2015-01-09 13:36:24','2015-01-09 13:36:24'),
	(218,'ビスマルク',19,'半熟卵とアスパラ',NULL,'',0,1,1,650,'ピザ,粉物,イタリアン,洋食',0,'2015-01-09 13:36:24','2015-01-09 13:36:24'),
	(219,'ゴルゴンゾーラ',19,'3種のチーズ',NULL,'',0,1,1,700,'ピザ,粉物,イタリアン,洋食',0,'2015-01-09 13:36:24','2015-01-09 13:36:24'),
	(220,'トロピカル',19,'生ハム＆マンゴー',NULL,'',0,1,1,700,'ピザ,粉物,イタリアン,洋食',0,'2015-01-09 13:36:24','2015-01-09 13:36:24'),
	(221,'鶏ラーメン',20,'こってりコラーゲン豊富な鶏白湯スープと極細麺',NULL,'',0,1,1,500,'塩ラーメン,ラーメン,麺類,日本食',0,'2015-01-09 13:36:24','2015-01-09 13:36:24'),
	(222,'鶏しょうゆラーメン',20,'あっさり、鶏漬湯スープと甘しょう油たれと細麺',NULL,'',0,1,1,500,'醤油ラーメン,ラーメン,麺類,日本食',0,'2015-01-09 13:36:24','2015-01-09 13:36:24'),
	(223,'元祖拌麺',20,'旨味のつまった濃厚醤油たれと香味油を麺とよく混ぜて',NULL,'',0,1,1,500,'焼きそば,うどん・そば,麺類,日本食',0,'2015-01-09 13:36:24','2015-01-09 13:36:24'),
	(224,'タンメン',20,'野菜たっぷり、ボリューム満天！鶏塩スープと極太麺',NULL,'',0,1,1,800,'タンメン,ラーメン,麺類,中華料理',0,'2015-01-09 13:36:24','2015-01-09 13:36:24'),
	(225,'月見カレー',20,'鶏スープにスパイスを効かせた甘辛ルーに卵黄をのせて',NULL,'',0,1,1,500,'カレーライス,カレー,日本食',0,'2015-01-09 13:36:24','2015-01-09 13:36:24'),
	(226,'太麺',21,'','/img/default_menu/IMG_20141211_13155414203934883982.jpg','#ERROR!',0,1,1,650,'魚介ラーメン,ラーメン,麺類,日本食',1,'2015-01-09 13:36:24','2015-01-09 14:06:56'),
	(227,'細麺',21,'',NULL,'#ERROR!',0,1,1,650,'魚介ラーメン,ラーメン,麺類,日本食',0,'2015-01-09 13:36:24','2015-01-09 13:36:24'),
	(228,'海老ラー油の赤辣麺',21,'',NULL,'#ERROR!',0,1,1,800,'魚介ラーメン,ラーメン,麺類,日本食',0,'2015-01-09 13:36:24','2015-01-09 13:36:24'),
	(229,'つけ麺',21,'',NULL,'',0,1,1,800,'つけ麺,ラーメン,麺類,日本食',0,'2015-01-09 13:36:24','2015-01-09 13:36:24'),
	(230,'ナポリタン',22,'玉ねぎ・ピーマン・マッシュルーム・ウィンナー・トマトケチャップ',NULL,'100g増+150円、300g増+300円',0,1,1,680,'ナポリタン,パスタ,麺類,イタリアン,洋食',0,'2015-01-09 13:36:24','2015-01-09 13:36:24'),
	(231,'アラビアータ',22,'玉ねぎ・マッシュルーム・ベーコン・ブロッコリー・ツナ・ピリ辛トマトソース',NULL,'100g増+150円、300g増+300円',0,1,1,680,'アラビアータ,パスタ,麺類,イタリアン,洋食',0,'2015-01-09 13:36:24','2015-01-09 13:36:24'),
	(232,'醤油バジリコ',22,'玉ねぎ・ピーマン・マッシュルーム・ベーコン・海老・大葉・トマト・ガーリック醤油',NULL,'100g増+150円、300g増+300円',0,1,1,680,'和風パスタ,パスタ,麺類,日本食',0,'2015-01-09 13:36:24','2015-01-09 13:36:24'),
	(233,'塩バジリコ',22,'玉ねぎ・ピーマン・マッシュルーム・ベーコン・海老・トマト・バジル・塩タレ',NULL,'100g増+150円、300g増+300円',0,1,1,680,'和風パスタ,パスタ,麺類,日本食',0,'2015-01-09 13:36:24','2015-01-09 13:36:24'),
	(234,'たらこクリーム',22,'玉ねぎ・海老・大葉・のり・たらこクリーム',NULL,'100g増+150円、300g増+300円',0,1,1,680,'和風パスタ,パスタ,麺類,日本食',0,'2015-01-09 13:36:24','2015-01-09 13:36:24'),
	(235,'きのこバター',22,'玉ねぎ・椎茸・しめじ・ひら茸・マッシュルーム・ベーコン・ほうれん草・醤油タレ・メンテルバター',NULL,'100g増+150円、300g増+300円',0,1,1,680,'和風パスタ,パスタ,麺類,日本食',0,'2015-01-09 13:36:24','2015-01-09 13:36:24'),
	(236,'みそミート',22,'玉ねぎ・ニラ・キャベツ・長ネギ・白ゴマ・甘辛肉味噌',NULL,'100g増+150円、300g増+300円',0,1,1,680,'和風パスタ,パスタ,麺類,日本食',0,'2015-01-09 13:36:24','2015-01-09 13:36:24'),
	(237,'カレーミート',22,'玉ねぎ・ピーマン・じゃがいも・トマト・キーマカレー',NULL,'100g増+150円、300g増+300円',0,1,1,680,'和風パスタ,パスタ,麺類,日本食',0,'2015-01-09 13:36:24','2015-01-09 13:36:24'),
	(238,'鯖の塩焼定食',23,'',NULL,'ご飯おかわり無料',1,1,1,900,'焼き魚,定食,焼き料理,魚料理,日本食',0,'2015-01-09 13:36:24','2015-01-09 13:36:24'),
	(239,'大海老フライ定食',23,'',NULL,'ご飯おかわり無料',1,1,1,1150,'エビフライ,定食,揚げ物,魚料理,日本食',0,'2015-01-09 13:36:24','2015-01-09 13:36:24'),
	(240,'牡蠣フライ定食',23,'',NULL,'ご飯おかわり無料',1,1,1,1030,'フライ魚,定食,揚げ物,魚料理,日本食',0,'2015-01-09 13:36:24','2015-01-09 13:36:24'),
	(241,'サーモンのフライ定食',23,'',NULL,'ご飯おかわり無料',1,1,1,880,'フライ魚,定食,揚げ物,魚料理,日本食',0,'2015-01-09 13:36:24','2015-01-09 13:36:24'),
	(242,'カジキマグロのフライ定食',23,'',NULL,'ご飯おかわり無料',1,1,1,930,'フライ魚,定食,揚げ物,魚料理,日本食',0,'2015-01-09 13:36:24','2015-01-09 13:36:24'),
	(243,'チキン南蛮定食',23,'',NULL,'ご飯おかわり無料',1,1,1,980,'チキン南蛮,定食,揚げ物,鶏肉料理,日本食',0,'2015-01-09 13:36:24','2015-01-09 13:36:24'),
	(244,'若鶏の唐揚げ定食',23,'',NULL,'ご飯おかわり無料',1,1,1,900,'からあげ,定食,揚げ物,鶏肉料理,日本食',0,'2015-01-09 13:36:24','2015-01-09 13:36:24'),
	(245,'チキンカツ定食',23,'',NULL,'ご飯おかわり無料',1,1,1,1030,'とんかつ,定食,揚げ物,肉料理,日本食',0,'2015-01-09 13:36:24','2015-01-09 13:36:24'),
	(246,'若鶏と野菜のトマト煮混み定食',23,'',NULL,'ご飯おかわり無料',1,1,1,930,'からあげ,定食,揚げ物,鶏肉料理,日本食',0,'2015-01-09 13:36:24','2015-01-09 13:36:24'),
	(247,'若鶏と野菜の黒酢炒めて移植',23,'',NULL,'ご飯おかわり無料',1,1,1,860,'からあげ,定食,揚げ物,鶏肉料理,日本食',0,'2015-01-09 13:36:24','2015-01-09 13:36:24'),
	(248,'塩らーめん',24,'',NULL,'',0,1,1,750,'塩ラーメン,ラーメン,麺類,日本食',0,'2015-01-09 13:36:24','2015-01-09 13:36:24'),
	(249,'ゆず塩麺',24,'',NULL,'',0,1,1,850,'塩ラーメン,ラーメン,麺類,日本食',0,'2015-01-09 13:36:24','2015-01-09 13:36:24'),
	(250,'紅塩麺',24,'',NULL,'',0,1,1,880,'塩ラーメン,ラーメン,麺類,日本食',0,'2015-01-09 13:36:24','2015-01-09 13:36:24'),
	(251,'醤油らーめん',24,'',NULL,'',0,1,1,750,'醤油ラーメン,ラーメン,麺類,日本食',0,'2015-01-09 13:36:24','2015-01-09 13:36:24'),
	(252,'ゆず醤油麺',24,'',NULL,'',0,1,1,850,'醤油ラーメン,ラーメン,麺類,日本食',0,'2015-01-09 13:36:24','2015-01-09 13:36:24'),
	(253,'紅醤油麺',24,'',NULL,'',0,1,1,880,'醤油ラーメン,ラーメン,麺類,日本食',0,'2015-01-09 13:36:24','2015-01-09 13:36:24'),
	(254,'甘露つけ麺',24,'',NULL,'',0,1,1,750,'つけ麺,ラーメン,麺類,日本食',0,'2015-01-09 13:36:24','2015-01-09 13:36:24'),
	(255,'柚子露つけ麺',24,'',NULL,'',0,1,1,850,'つけ麺,ラーメン,麺類,日本食',0,'2015-01-09 13:36:24','2015-01-09 13:36:24'),
	(256,'辛露つけ麺',24,'',NULL,'',0,1,1,880,'つけ麺,ラーメン,麺類,日本食',0,'2015-01-09 13:36:24','2015-01-09 13:36:24'),
	(257,'スパイシーチキンと玉子のせご飯',25,'スープ付き','/img/default_menu/14203914245512.png','',1,1,0,900,'ガパオ,炒め物,肉料理,タイ料理,アジア・エスニック',1,'2015-01-09 13:36:24','2015-01-09 14:04:46'),
	(258,'タイ風焼きビーフン',25,'スープ付き','/img/default_menu/14203914415015.png','',1,1,0,850,'パッタイ,炒め物,麺類,タイ料理,アジア・エスニック',1,'2015-01-09 13:36:24','2015-01-09 14:05:08'),
	(259,'タイ風鶏肉のグリーンカレー',25,'スープ付き','/img/default_menu/IMG_20141215_13285914203914556303.jpg','',1,1,0,850,'グリーンカレー,カレー,タイカレー,タイ料理,アジア・エスニック',1,'2015-01-09 13:36:24','2015-01-09 14:05:23'),
	(260,'タイ風鶏肉ラーメンビーフン麺',25,'小チャーハン付き','/img/default_menu/14203914723091.png','',1,1,0,850,'ラーメン,麺類,タイ料理,アジア・エスニック',1,'2015-01-09 13:36:24','2015-01-09 14:05:36'),
	(261,'タイ風鶏肉ラーメン',25,'小チャーハン付き','/img/default_menu/14203914874207.png','',1,1,0,880,'ラーメン,麺類,タイ料理,アジア・エスニック',1,'2015-01-09 13:36:24','2015-01-09 14:06:23'),
	(262,'トムヤムクンラーメンビーフン麺',25,'小チャーハン付き','/img/default_menu/14203915024393.png','',1,1,0,850,'トムヤムラーメン,トムヤムクン,ラーメン,麺類,タイ料理,アジア・エスニック',1,'2015-01-09 13:36:24','2015-01-09 14:06:35'),
	(263,'トムヤムクンラーメン',25,'小チャーハン付き','/img/default_menu/14203915126297.png','',1,1,0,880,'トムヤムラーメン,トムヤムクン,ラーメン,麺類,タイ料理,アジア・エスニック',1,'2015-01-09 13:36:24','2015-01-09 14:06:45'),
	(264,'タイ風蒸し鶏とご飯',25,'スープ付き',NULL,'',1,1,0,900,'カオマンガイ,蒸し料理,肉料理,タイ料理,アジア・エスニック',0,'2015-01-09 13:36:24','2015-01-09 13:36:24'),
	(265,'名物三元豚のトンテキ',26,'約200gのBIGな三元豚の肩ロース肉を、独自の製法でしっとりと柔らかく焼き上げる、ランチ限定のポークステーキです。',NULL,'ライス・スープ付き',1,1,0,980,'ステーキ,焼き物,肉料理,アメリカ料理',0,'2015-01-09 13:36:24','2015-01-09 13:36:24'),
	(266,'チキンのトマト煮',26,'鶏のもも肉約200gを、完熟トマトでつくった特製トマトソースでじっくり柔らかく煮込みました。',NULL,'ライス・スープ付き',1,1,0,980,'ステーキ,焼き物,肉料理,アメリカ料理',0,'2015-01-09 13:36:24','2015-01-09 13:36:24'),
	(267,'ビーフストロガノフ',26,'上質な特選牛肉をワインとトマト、生クリームで煮込んだ、当店特製のビーフストロガノフです。牛肉もどっさりと約150g',NULL,'ライス・スープ付き',1,1,0,980,'ビーフシチュー,シチュー,スープ,煮物,洋食',0,'2015-01-09 13:36:24','2015-01-09 13:36:24'),
	(268,'オムジャワカレー',26,'数十種類のスパイスと香味野菜をじっくり煮込んでスパイシーに仕上げたカレーソースに半熟のオムレツを乗せました。',NULL,'ライス・スープ付き',1,1,0,900,'カレーライス,カレー,日本食',0,'2015-01-09 13:36:24','2015-01-09 13:36:24'),
	(269,'かくらカレー',27,'','/img/default_menu/IMG_528814203928343309.JPG','トッピング多数',1,1,0,1000,'カレーライス,カレー,日本食',1,'2015-01-09 13:36:24','2015-01-09 14:09:21'),
	(270,'黒カレー',27,'',NULL,'トッピング多数',1,1,0,1200,'カレーライス,カレー,日本食',0,'2015-01-09 13:36:24','2015-01-09 13:36:24'),
	(271,'美肌カレー',27,'',NULL,'トッピング多数',1,1,0,1200,'カレーライス,カレー,日本食',0,'2015-01-09 13:36:24','2015-01-09 13:36:24'),
	(272,'ベジカレー',27,'',NULL,'トッピング多数',1,1,0,1300,'カレーライス,カレー,日本食',0,'2015-01-09 13:36:24','2015-01-09 13:36:24'),
	(273,'ハーフ＆ハーフカレー',27,'',NULL,'トッピング多数',1,1,0,1400,'カレーライス,カレー,日本食',0,'2015-01-09 13:36:24','2015-01-09 13:36:24'),
	(274,'スンドゥブチゲ',28,'','/img/default_menu/IMG_874614203928962877.JPG','',1,1,0,900,'スンドゥブ,鍋料理,韓国料理,アジア・エスニック',1,'2015-01-09 13:36:24','2015-01-09 14:18:34'),
	(275,'キムチチゲ',28,'','/img/default_menu/IMG_874114203929117647.JPG','',1,1,0,900,'キムチチゲ,鍋料理,韓国料理,アジア・エスニック',1,'2015-01-09 13:36:24','2015-01-09 14:18:50'),
	(276,'サムゲタンセット',28,'','/img/default_menu/14203929233020.png','',1,1,0,980,'サムゲタン,鍋料理,韓国料理,アジア・エスニック',0,'2015-01-09 13:36:24','2015-01-09 13:36:24'),
	(277,'石焼ビビンバ',28,'','/img/default_menu/14203929372663.png','',1,1,0,800,'ビビンバ,炒め物,米料理,韓国料理,アジア・エスニック',1,'2015-01-09 13:36:24','2015-01-09 14:19:10'),
	(278,'特製！石焼キムチビビンバ',28,'','/img/default_menu/14203929481079.png','',1,1,0,900,'ビビンバ,炒め物,米料理,韓国料理,アジア・エスニック',1,'2015-01-09 13:36:24','2015-01-09 14:19:24'),
	(279,'石焼ダッカルビ丼',28,'','/img/default_menu/14203929587241.png','',1,1,0,800,'肉料理,韓国料理,アジア・エスニック',1,'2015-01-09 13:36:24','2015-01-09 14:19:34'),
	(280,'ビビンバ',28,'','/img/default_menu/14203929687572.png','',1,1,0,750,'ビビンバ,炒め物,米料理,韓国料理,アジア・エスニック',1,'2015-01-09 13:36:24','2015-01-09 14:19:46'),
	(281,'プルコギサラダ丼',28,'','/img/default_menu/14203929797548.png','',1,1,0,900,'プルコギ,炒め物,肉料理,韓国料理,アジア・エスニック',1,'2015-01-09 13:36:24','2015-01-09 14:20:01'),
	(282,'石焼カルビ丼',28,'','/img/default_menu/14203929913761.png','',1,1,0,980,'カルビ,炒め物,肉料理,韓国料理,アジア・エスニック',1,'2015-01-09 13:36:24','2015-01-09 14:20:25'),
	(283,'ユッケジャンスープ',28,'','/img/default_menu/14203930003206.png','',1,1,0,800,'ユッケジャン,鍋料理,韓国料理,アジア・エスニック',1,'2015-01-09 13:36:24','2015-01-09 14:20:43'),
	(284,'カルビタンスープ',28,'','/img/default_menu/14203930103343.png','',1,1,0,800,'肉料理,韓国料理,アジア・エスニック',1,'2015-01-09 13:36:24','2015-01-09 14:21:00'),
	(285,'春雨ご飯',28,'','/img/default_menu/14203930209151.png','',1,1,0,750,'米料理,韓国料理,アジア・エスニック',1,'2015-01-09 13:36:24','2015-01-09 14:21:15'),
	(286,'バルガン麺',28,'','/img/default_menu/14203930301470.png','',1,1,0,900,'麺類,韓国料理,アジア・エスニック',1,'2015-01-09 13:36:24','2015-01-09 14:21:26'),
	(287,'トルネンビうどん',28,'','/img/default_menu/14203930403947.png','',1,1,0,900,'麺類,韓国料理,アジア・エスニック',1,'2015-01-09 13:36:24','2015-01-09 14:21:40'),
	(288,'イカ炒めご飯',28,'','/img/default_menu/14203930522180.png','',1,1,0,800,'丼もの,韓国料理,アジア・エスニック',1,'2015-01-09 13:36:24','2015-01-09 14:21:52'),
	(289,'冷麺',28,'','/img/default_menu/14203930624809.png','',1,1,0,800,'冷麺,麺類,韓国料理,アジア・エスニック',1,'2015-01-09 13:36:24','2015-01-09 14:22:04'),
	(290,'プルコギご飯',28,'','/img/default_menu/14203930721714.png','',1,1,0,900,'プルコギ,炒め物,肉料理,韓国料理,アジア・エスニック',1,'2015-01-09 13:36:24','2015-01-09 14:22:15'),
	(291,'豚カルビご飯',28,'','/img/default_menu/14203930876006.png','',1,1,0,800,'カルビ,炒め物,肉料理,韓国料理,アジア・エスニック',1,'2015-01-09 13:36:24','2015-01-09 14:22:30'),
	(292,'のり玉担々麺',10,'','/img/default_menu/IMG_884714203937183659.JPG','季節限定',0,1,1,1100,'担々麺,ラーメン,麺類,日本食',0,'2015-01-09 13:36:24','2015-01-09 13:36:24'),
	(293,'チキン南蛮定食',29,'鶏もも肉を唐揚げにし、南蛮酢にくぐらせ、タルタルソースをかけた、宮崎の郷土料理です。タルタルソースが自家製なので、揚げ物なのに意外とサッパリと召し上がって頂けます。',NULL,'',1,1,0,900,'チキン南蛮,定食,揚げ物,鶏肉料理,日本食',0,'2015-01-09 13:36:24','2015-01-09 13:36:24'),
	(294,'豚生姜焼き定食',29,'豚は冷凍を使わず、生肉の包丁きりにこだわって使用しております。生姜は東京の市場には入荷しない高知県産の品種「黄金生姜」を取り寄せて使用しています。鮮烈な香り・味が素晴らしい生姜です。','/img/default_menu/14203925482254.png','',1,1,0,900,'生姜焼き,定食,炒め物,肉料理,日本食',1,'2015-01-09 13:36:24','2015-01-09 14:07:33'),
	(295,'若鶏の唐揚げ定食',30,'',NULL,'大盛り無料。おかわり+100円',1,1,0,800,'からあげ,定食,揚げ物,鶏肉料理,日本食',0,'2015-01-09 13:36:24','2015-01-09 13:36:24'),
	(296,'豚ロースのしょうが焼き定食',30,'',NULL,'大盛り無料。おかわり+100円',1,1,0,800,'生姜焼き,定食,炒め物,肉料理,日本食',0,'2015-01-09 13:36:24','2015-01-09 13:36:24'),
	(297,'チキン南蛮定食',30,'',NULL,'大盛り無料。おかわり+100円',1,1,0,800,'チキン南蛮,定食,揚げ物,鶏肉料理,日本食',0,'2015-01-09 13:36:24','2015-01-09 13:36:24'),
	(298,'若鶏竜田揚げ甘酢しょうゆ定食',30,'',NULL,'大盛り無料。おかわり+100円',1,1,0,800,'からあげ,定食,揚げ物,鶏肉料理,日本食',0,'2015-01-09 13:36:24','2015-01-09 13:36:24'),
	(299,'コク深しょうゆ 油そば',31,'','/img/default_menu/IMG_909714203937686952.JPG','',0,1,0,600,'油そば,ラーメン,麺類,日本食',0,'2015-01-09 13:36:24','2015-01-09 13:36:24'),
	(300,'濃厚まろやか しお油そば',31,'',NULL,'',0,1,0,600,'油そば,ラーメン,麺類,日本食',0,'2015-01-09 13:36:24','2015-01-09 13:36:24'),
	(301,'たまねぎシャキッ トマト油そば',31,'','/img/default_menu/IMG_90961420393789802.JPG','',0,1,0,600,'油そば,ラーメン,麺類,日本食',0,'2015-01-09 13:36:24','2015-01-09 13:36:24'),
	(302,'チキンカレー',32,'',NULL,'',1,1,0,950,'インドカレー,カレー,インド料理,アジア・エスニック',0,'2015-01-09 13:36:24','2015-01-09 13:36:24'),
	(303,'バターチキンカレー',32,'','/img/default_menu/IMG_20141118_13352914203916071217.jpg','',1,1,0,950,'バターチキンカレー,カレー,インドカレー,インド料理,アジア・エスニック',1,'2015-01-09 13:36:24','2015-01-09 13:56:25'),
	(304,'マトンカレー',32,'','/img/default_menu/IMG_20141118_13353414203916209105.jpg','',1,1,0,950,'マトンカレー,カレー,インドカレー,インド料理,アジア・エスニック',1,'2015-01-09 13:36:24','2015-01-09 13:56:33'),
	(305,'野菜カレー',32,'',NULL,'',1,1,0,950,'インドカレー,カレー,インド料理,アジア・エスニック',0,'2015-01-09 13:36:24','2015-01-09 13:36:24'),
	(306,'シーフードカレー',32,'',NULL,'',1,1,0,950,'インドカレー,カレー,インド料理,アジア・エスニック',0,'2015-01-09 13:36:24','2015-01-09 13:36:24'),
	(307,'鶏肉のバジル炒めセット',33,'','/img/default_menu/14203921682142.jpg','単品750',1,1,0,950,'ガパオ,炒め物,肉料理,タイ料理,アジア・エスニック',1,'2015-01-09 13:36:24','2015-01-09 14:02:08'),
	(308,'鶏肉のグリーンカレーセット',33,'','/img/default_menu/IMG_20141125_1254011420392182571.jpg','単品750円',1,1,0,950,'グリーンカレー,カレー,タイカレー,タイ料理,アジア・エスニック',1,'2015-01-09 13:36:24','2015-01-09 14:02:20'),
	(309,'豚肉入りチャーハンセット',33,'','/img/default_menu/14203921982897.jpg','単品750円',1,1,0,950,'チャーハン,炒め物,米料理,タイ料理,アジア・エスニック',1,'2015-01-09 13:36:24','2015-01-09 14:02:49'),
	(310,'海老入りやきそば',33,'','/img/default_menu/14203922175785.jpg','単品750円',1,1,0,950,'焼きそば,麺類,炒め物,麺類,タイ料理,アジア・エスニック',1,'2015-01-09 13:36:24','2015-01-09 14:02:58'),
	(311,'トムヤムクンラーメンセット',33,'','/img/default_menu/14203922314090.jpg','単品800円',1,1,0,950,'トムヤムラーメン,トムヤムクン,ラーメン,麺類,タイ料理,アジア・エスニック',1,'2015-01-09 13:36:24','2015-01-09 14:03:32'),
	(312,'豚肉入りしょうゆやきそばセット',33,'','/img/default_menu/14203922818515.jpg','単品750円',1,1,0,950,'焼きそば,麺類,炒め物,麺類,タイ料理,アジア・エスニック',1,'2015-01-09 13:36:24','2015-01-09 14:03:42'),
	(313,'豚肉入り野菜炒めセット',33,'','/img/default_menu/14203922954401.jpg','単品750円',1,1,0,950,'炒め物,肉料理,タイ料理,アジア・エスニック',1,'2015-01-09 13:36:24','2015-01-09 14:03:52'),
	(314,'トムヤムライスヌードルセット',33,'','/img/default_menu/14203923061025.jpg','単品800円',1,1,0,950,'トムヤムラーメン,トムヤムクン,ラーメン,麺類,タイ料理,アジア・エスニック',1,'2015-01-09 13:36:24','2015-01-09 14:04:03'),
	(315,'鶏の炊き込みご飯蒸し鶏添えセット',33,'','/img/default_menu/14203923188436.jpg','単品850円',1,1,0,1050,'カオマンガイ,蒸し料理,肉料理,タイ料理,アジア・エスニック',1,'2015-01-09 13:36:24','2015-01-09 14:04:12'),
	(316,'豚のレッドカレーセット',33,'','/img/default_menu/14203923288841.jpg','単品750円',1,1,0,950,'レッドカレー,カレー,タイカレー,タイ料理,アジア・エスニック',1,'2015-01-09 13:36:24','2015-01-09 14:04:32'),
	(317,'インド風チキンカリー',34,'骨付きの鶏もも肉が入った当店の看板メニュー。まずはこれがオススメ','/img/default_menu/IMG_20141128_1258531420390983459.jpg','',1,1,0,900,'インドカレー,カレー,インド料理,アジア・エスニック',1,'2015-01-09 13:36:24','2015-01-09 13:57:19'),
	(318,'ほうれん草のカリー',34,'チキンカレーをベースにほうれん草のペーストが入ったマイルドなカレー','/img/default_menu/14203909979794.jpg','',1,1,0,1000,'サグカレー,カレー,インドカレー,インド料理,アジア・エスニック',1,'2015-01-09 13:36:24','2015-01-09 13:57:29'),
	(319,'キーマカリー',34,'スパイシーでコクのある鶏ひき肉のカレー。食べごたえあり。','/img/default_menu/14203910095513.jpg','',1,1,0,1000,'キーマカレー,カレー,インドカレー,インド料理,アジア・エスニック',1,'2015-01-09 13:36:24','2015-01-09 13:57:48'),
	(320,'豚肉のカリー',34,'柔らかい角切りの豚肉入り。甘味と酸味のクセになる味わい','/img/default_menu/14203910192830.jpg','',1,1,0,1050,'インドカレー,カレー,インド料理,アジア・エスニック',1,'2015-01-09 13:36:24','2015-01-09 13:57:56'),
	(321,'ひよこ豆のベジカリー',34,'','/img/default_menu/14203910305025.jpg','ホクホクとした豆の食感と生姜・トマトの効いた野菜カレー',1,1,0,1000,'インドカレー,カレー,インド料理,アジア・エスニック',1,'2015-01-09 13:36:24','2015-01-09 13:58:06'),
	(322,'煮込みハンバーグ',34,'トマトデミグラソースで煮込んだハンバーグ。','/img/default_menu/14203910411920.jpg','サラダ・ライス付き',1,1,0,1050,'ハンバーグ,焼き物,肉料理,アメリカ料理',1,'2015-01-09 13:36:24','2015-01-09 13:58:15'),
	(323,'さば塩焼き',35,'','/img/default_menu/IMG_20141218_12263314203935334213.jpg','',1,1,0,900,'焼き魚,定食,焼き料理,魚料理,日本食',1,'2015-01-09 13:36:24','2015-01-09 13:57:07'),
	(324,'つぼだい塩焼き',35,'',NULL,'',1,1,0,1000,'焼き魚,定食,焼き料理,魚料理,日本食',0,'2015-01-09 13:36:24','2015-01-09 13:36:24'),
	(325,'さば味噌煮',35,'',NULL,'',1,1,0,950,'焼き魚,定食,焼き料理,魚料理,日本食',0,'2015-01-09 13:36:24','2015-01-09 13:36:24'),
	(326,'もつ煮込み',35,'',NULL,'',1,1,0,900,'定食,日本食',0,'2015-01-09 13:36:24','2015-01-09 13:36:24'),
	(327,'カキフライ',35,'',NULL,'',1,1,0,1300,'牡蠣フライ,定食,揚げ物,魚料理,日本食',0,'2015-01-09 13:36:24','2015-01-09 13:36:24'),
	(328,'刺身',35,'',NULL,'',1,1,0,1300,'定食,魚料理,日本食',0,'2015-01-09 13:36:24','2015-01-09 13:36:24'),
	(329,'つけナポリタン',36,'','/img/default_menu/IMG_20141219_13141014203924834187.jpg','',1,1,0,910,'つけ麺,パスタ,ナポリタン,麺類,日本食,洋食',1,'2015-01-09 13:36:24','2015-01-09 13:56:14'),
	(330,'タコライス',36,'',NULL,'',1,1,0,910,'洋食',0,'2015-01-09 13:36:24','2015-01-09 13:36:24'),
	(331,'グリーンカレー',36,'',NULL,'',1,1,0,910,'グリーンカレー,カレー,タイカレー,タイ料理,アジア・エスニック',0,'2015-01-09 13:36:24','2015-01-09 13:36:24'),
	(332,'豚の生姜焼き定食',36,'',NULL,'',1,1,0,910,'生姜焼き,定食,炒め物,肉料理,日本食',0,'2015-01-09 13:36:24','2015-01-09 13:36:24'),
	(333,'鶏挽肉のホーリーバジル炒め',37,'','/img/default_menu/14203919028622.png','',1,1,0,980,'ガパオ,炒め物,肉料理,タイ料理,アジア・エスニック',1,'2015-01-09 13:36:24','2015-01-09 13:58:25'),
	(334,'エビ入や焼きビーフン',37,'','/img/default_menu/14203919181486.png','',1,1,0,980,'パッタイ,炒め物,麺類,タイ料理,アジア・エスニック',1,'2015-01-09 13:36:24','2015-01-09 13:58:56'),
	(335,'鶏肉のグリーンカレー',37,'','/img/default_menu/IMG_20141205_13025214203919318515.jpg','',1,1,0,1080,'グリーンカレー,カレー,タイカレー,タイ料理,アジア・エスニック',1,'2015-01-09 13:36:24','2015-01-09 13:59:06'),
	(336,'ハーブたっぷりトムヤム麺',37,'','/img/default_menu/142039194422.png','',1,1,0,980,'トムヤムラーメン,トムヤムクン,ラーメン,麺類,タイ料理,アジア・エスニック',1,'2015-01-09 13:36:24','2015-01-09 13:59:16'),
	(337,'鶏肉のイエローカレー',37,'',NULL,'',1,1,0,980,'イエローカレー,カレー,タイカレー,タイ料理,アジア・エスニック',0,'2015-01-09 13:36:24','2015-01-09 13:36:24'),
	(338,'エビとアボカドのグリーンカレー',37,'','/img/default_menu/14203919921611.png','',1,1,0,1240,'グリーンカレー,カレー,タイカレー,タイ料理,アジア・エスニック',1,'2015-01-09 13:36:24','2015-01-09 13:59:26'),
	(339,'辛酸っぱいトムヤムチャーハン',37,'','/img/default_menu/14203920046296.png','',1,1,0,980,'トムヤムクン,チャーハン,米料理,タイ料理,アジア・エスニック',1,'2015-01-09 13:36:24','2015-01-09 13:59:45'),
	(340,'エビ入りスパイシートムヤムビーフン',37,'','/img/default_menu/14203920172393.png','',1,1,0,980,'トムヤムラーメン,トムヤムクン,ラーメン,麺類,タイ料理,アジア・エスニック',1,'2015-01-09 13:36:24','2015-01-09 13:59:57'),
	(341,'カオ・マン・ガイ',37,'','/img/default_menu/14203920298075.png','',1,1,0,980,'カオマンガイ,蒸し料理,肉料理,タイ料理,アジア・エスニック',1,'2015-01-09 13:36:24','2015-01-09 14:00:09'),
	(342,'カオソイ',37,'','/img/default_menu/14203920402488.png','',1,1,0,1080,'ラーメン,麺類,タイ料理,アジア・エスニック',1,'2015-01-09 13:36:24','2015-01-09 14:00:20'),
	(343,'タレー・パッポン・カリー',37,'','/img/default_menu/14203920508613.png','',1,1,0,1240,'レッドカレー,カレー,タイカレー,タイ料理,アジア・エスニック',1,'2015-01-09 13:36:24','2015-01-09 14:00:38'),
	(344,'カオ・パット・クン',37,'','/img/default_menu/14203920615916.png','',1,1,0,950,'チャーハン,米料理,タイ料理,アジア・エスニック',1,'2015-01-09 13:36:25','2015-01-09 14:00:49'),
	(345,'センレク・ナーム',37,'','/img/default_menu/14203920709835.png','',1,1,0,880,'タイ料理,アジア・エスニック',1,'2015-01-09 13:36:25','2015-01-09 14:01:00'),
	(346,'タイ・スキ',37,'','/img/default_menu/14203920812135.png','',1,1,0,1050,'タイ料理,アジア・エスニック',1,'2015-01-09 13:36:25','2015-01-09 14:01:11'),
	(347,'ステーキライス',38,'','/img/default_menu/IMG_20141217_14303214203916856703.jpg','',1,1,0,800,'ステーキ,焼き物,肉料理,アメリカ料理',1,'2015-01-09 13:36:25','2015-01-09 14:07:51'),
	(348,'絶品牛すじカレー',38,'',NULL,'',1,1,0,800,'カレーライス,カレー,日本食',0,'2015-01-09 13:36:25','2015-01-09 13:36:25'),
	(349,'はいからビーフシチュー',38,'','/img/default_menu/IMG_20141220_12081114203917151704.jpg','',1,1,0,800,'ビーフシチュー,シチュー,スープ,煮物,洋食',1,'2015-01-09 13:36:25','2015-01-09 14:08:32'),
	(350,'ベースハンバーグ',38,'','/img/default_menu/IMG_20141220_12082314203917302413.jpg','',1,1,0,1200,'ハンバーグ,焼き物,肉料理,アメリカ料理',1,'2015-01-09 13:36:25','2015-01-09 14:08:42'),
	(351,'デミグラスハンバーグ',38,'',NULL,'',1,1,0,1400,'ハンバーグ,焼き物,肉料理,アメリカ料理',0,'2015-01-09 13:36:25','2015-01-09 13:36:25'),
	(352,'ガーリッククリームハンバーグ',38,'',NULL,'',1,1,0,1400,'ハンバーグ,焼き物,肉料理,アメリカ料理',0,'2015-01-09 13:36:25','2015-01-09 13:36:25'),
	(353,'リブロースステーキ',38,'',NULL,'',1,1,0,2100,'ステーキ,焼き物,肉料理,アメリカ料理',0,'2015-01-09 13:36:25','2015-01-09 13:36:25'),
	(354,'ハンバーガー',39,'',NULL,'',1,1,0,850,'ハンバーガー,パン料理,アメリカ料理,肉料理,洋食',0,'2015-01-09 13:36:25','2015-01-09 13:36:25'),
	(355,'チーズバーガー',39,'',NULL,'',1,1,0,950,'ハンバーガー,パン料理,アメリカ料理,肉料理,洋食',0,'2015-01-09 13:36:25','2015-01-09 13:36:25'),
	(356,'アボカドバーガー',39,'',NULL,'',1,1,0,1050,'ハンバーガー,パン料理,アメリカ料理,肉料理,洋食',0,'2015-01-09 13:36:25','2015-01-09 13:36:25'),
	(357,'アボカドチーズバーガー',39,'',NULL,'',1,1,0,1150,'ハンバーガー,パン料理,アメリカ料理,肉料理,洋食',0,'2015-01-09 13:36:25','2015-01-09 13:36:25'),
	(358,'ベーコンチーズバーガー',39,'',NULL,'',1,1,0,1100,'ハンバーガー,パン料理,アメリカ料理,肉料理,洋食',0,'2015-01-09 13:36:25','2015-01-09 13:36:25'),
	(359,'中目黒バーガー',39,'',NULL,'',1,1,0,1200,'ハンバーガー,パン料理,アメリカ料理,肉料理,洋食',0,'2015-01-09 13:36:25','2015-01-09 13:36:25'),
	(360,'モッツァレラチーズバーガー',39,'',NULL,'',1,1,0,1050,'ハンバーガー,パン料理,アメリカ料理,肉料理,洋食',0,'2015-01-09 13:36:25','2015-01-09 13:36:25'),
	(361,'サルサチーズバーガー',39,'',NULL,'',1,1,0,1050,'ハンバーガー,パン料理,アメリカ料理,肉料理,洋食',0,'2015-01-09 13:36:25','2015-01-09 13:36:25'),
	(362,'チリチーズバーガー',39,'',NULL,'',1,1,0,1100,'ハンバーガー,パン料理,アメリカ料理,肉料理,洋食',0,'2015-01-09 13:36:25','2015-01-09 13:36:25'),
	(363,'チポトレバーガー',39,'',NULL,'',1,1,0,1100,'ハンバーガー,パン料理,アメリカ料理,肉料理,洋食',0,'2015-01-09 13:36:25','2015-01-09 13:36:25'),
	(364,'ダブルチーズバーガー',39,'',NULL,'',1,1,0,1350,'ハンバーガー,パン料理,アメリカ料理,肉料理,洋食',0,'2015-01-09 13:36:25','2015-01-09 13:36:25'),
	(365,'ダブルベーコンチーズエッグバーガー',39,'',NULL,'',1,1,0,1600,'ハンバーガー,パン料理,アメリカ料理,肉料理,洋食',0,'2015-01-09 13:36:25','2015-01-09 13:36:25'),
	(366,'テリヤキチキンバーガー',39,'','/img/default_menu/IMG_849214203913255541.JPG','',1,1,0,900,'ハンバーガー,パン料理,アメリカ料理,肉料理,洋食',1,'2015-01-09 13:36:25','2015-01-09 13:56:58'),
	(367,'スモークサーモンとアボカドのサンド',39,'',NULL,'',1,1,0,820,'サンドウィッチ,パン料理,アメリカ料理,肉料理,洋食',0,'2015-01-09 13:36:25','2015-01-09 13:36:25'),
	(368,'B.L.Tサンド',39,'',NULL,'',1,1,0,730,'サンドウィッチ,パン料理,アメリカ料理,肉料理,洋食',0,'2015-01-09 13:36:25','2015-01-09 13:36:25'),
	(369,'ホットドッグ',39,'',NULL,'',1,1,0,580,'サンドウィッチ,パン料理,アメリカ料理,肉料理,洋食',0,'2015-01-09 13:36:25','2015-01-09 13:36:25'),
	(370,'若鶏の唐揚げ甘酢あんかけ定食',40,'','/img/default_menu/IMG_20141226_13030014203923789768.jpg','',1,1,0,830,'からあげ,定食,揚げ物,鶏肉料理,日本食',1,'2015-01-09 13:36:25','2015-01-09 13:55:34'),
	(371,'カキフライ定食',40,'',NULL,'',1,1,0,930,'牡蠣フライ,定食,揚げ物,魚料理,日本食',0,'2015-01-09 13:36:25','2015-01-09 13:36:25'),
	(372,'若鳥と厚揚げ豆腐の照り煮定食',40,'',NULL,'',1,1,0,880,'からあげ,定食,揚げ物,鶏肉料理,日本食',0,'2015-01-09 13:36:25','2015-01-09 13:36:25'),
	(373,'サバのもろ味噌煮定食',40,'',NULL,'',1,1,0,950,'焼き魚,定食,焼き料理,魚料理,日本食',0,'2015-01-09 13:36:25','2015-01-09 13:36:25'),
	(374,'さわらの幽庵焼き定食',40,'',NULL,'',1,1,0,980,'焼き魚,定食,焼き料理,魚料理,日本食',0,'2015-01-09 13:36:25','2015-01-09 13:36:25'),
	(375,'さわらの柚味噌焼き定食',40,'',NULL,'',1,1,0,980,'焼き魚,定食,焼き料理,魚料理,日本食',0,'2015-01-09 13:36:25','2015-01-09 13:36:25'),
	(376,'肉じゃが定食',40,'',NULL,'',1,1,0,780,'定食,煮物,野菜料理,日本食',0,'2015-01-09 13:36:25','2015-01-09 13:36:25'),
	(377,'肉豆富定食',40,'',NULL,'',1,1,0,880,'定食,煮物,野菜料理,日本食',0,'2015-01-09 13:36:25','2015-01-09 13:36:25'),
	(378,'サバの味噌煮定食',40,'',NULL,'',1,1,0,880,'定食,焼き料理,魚料理,日本食',0,'2015-01-09 13:36:25','2015-01-09 13:36:25'),
	(379,'若鳥の唐揚げ定食',40,'',NULL,'',1,1,0,780,'からあげ,定食,揚げ物,鶏肉料理,日本食',0,'2015-01-09 13:36:25','2015-01-09 13:36:25'),
	(380,'若鳥のみぞれ和え定食',40,'',NULL,'',1,1,0,830,'からあげ,定食,揚げ物,鶏肉料理,日本食',0,'2015-01-09 13:36:25','2015-01-09 13:36:25'),
	(381,'チキン南蛮定食',40,'',NULL,'',1,1,0,880,'チキン南蛮,定食,揚げ物,鶏肉料理,日本食',0,'2015-01-09 13:36:25','2015-01-09 13:36:25'),
	(382,'なす味噌定食',40,'',NULL,'',1,1,0,780,'定食,煮物,野菜料理,日本食',0,'2015-01-09 13:36:25','2015-01-09 13:36:25'),
	(383,'生姜焼き定食',40,'',NULL,'',1,1,0,830,'生姜焼き,定食,炒め物,肉料理,日本食',0,'2015-01-09 13:36:25','2015-01-09 13:36:25'),
	(384,'サンマの塩焼き定食',40,'',NULL,'',1,1,0,830,'焼き魚,定食,焼き料理,魚料理,日本食',0,'2015-01-09 13:36:25','2015-01-09 13:36:25'),
	(385,'サバの塩焼き定食',40,'',NULL,'',1,1,0,830,'焼き魚,定食,焼き料理,魚料理,日本食',0,'2015-01-09 13:36:25','2015-01-09 13:36:25'),
	(386,'サバのみりん干し定食',40,'',NULL,'',1,1,0,880,'定食,焼き料理,魚料理,日本食',0,'2015-01-09 13:36:25','2015-01-09 13:36:25'),
	(387,'しまほっけ定食',40,'',NULL,'',1,1,0,880,'焼き魚,定食,焼き料理,魚料理,日本食',0,'2015-01-09 13:36:25','2015-01-09 13:36:25');

/*!40000 ALTER TABLE `menus` ENABLE KEYS */;
UNLOCK TABLES;


# テーブルのダンプ restaurant_geos
# ------------------------------------------------------------

DROP TABLE IF EXISTS `restaurant_geos`;

CREATE TABLE `restaurant_geos` (
  `id` int(11) unsigned NOT NULL AUTO_INCREMENT COMMENT 'restaurant_idと同じ値',
  `geo` geometry NOT NULL,
  `created` datetime DEFAULT NULL,
  `modified` datetime DEFAULT NULL,
  PRIMARY KEY (`id`),
  SPATIAL KEY `geo` (`geo`)
) ENGINE=MyISAM DEFAULT CHARSET=utf8;

LOCK TABLES `restaurant_geos` WRITE;
/*!40000 ALTER TABLE `restaurant_geos` DISABLE KEYS */;

INSERT INTO `restaurant_geos` (`id`, `geo`, `created`, `modified`)
VALUES
	(1,X'000000000101000000E1B20A9B017661409D8026C286D34140','2015-01-09 13:36:23','2015-01-09 13:36:23'),
	(2,X'000000000101000000E6E5B0FB0E76614067BAD7497DD34140','2015-01-09 13:36:23','2015-01-09 13:36:23'),
	(3,X'0000000001010000001502B9C4117661409088299144D34140','2015-01-09 13:36:23','2015-01-09 13:36:23'),
	(4,X'0000000001010000007993DFA2137661408A05BEA25BD34140','2015-01-09 13:36:23','2015-01-09 13:36:23'),
	(5,X'000000000101000000EECEDA6D17766140240C03965CD34140','2015-01-09 13:36:23','2015-01-09 13:36:23'),
	(6,X'000000000101000000C808A87004766140A6D3BA0D6AD34140','2015-01-09 13:36:23','2015-01-09 13:36:23'),
	(7,X'0000000001010000002F1686C8E975614039471D1D57D34140','2015-01-09 13:36:23','2015-01-09 13:36:23'),
	(8,X'000000000101000000AC90F293EA7561400989B48D3FD34140','2015-01-09 13:36:23','2015-01-09 13:36:23'),
	(9,X'000000000101000000BF81C98D2276614050AA7D3A1ED34140','2015-01-09 13:36:23','2015-01-09 13:36:23'),
	(10,X'0000000001010000008A01124D20766140AFCC5B751DD44140','2015-01-09 13:36:24','2015-01-09 13:36:24'),
	(11,X'00000000010100000043C879FF1F766140E4D6A4DB12D34140','2015-01-09 13:36:24','2015-01-09 13:36:24'),
	(12,X'00000000010100000098512CB73476614063B83A00E2D24140','2015-01-09 13:36:24','2015-01-09 13:36:24'),
	(13,X'0000000001010000003C84F1D338766140D13E56F0DBD24140','2015-01-09 13:36:24','2015-01-09 13:36:24'),
	(14,X'000000000101000000293E3E213B76614026529ACDE3D24140','2015-01-09 13:36:24','2015-01-09 13:36:24'),
	(15,X'000000000101000000ECBDF8A23D766140A05225CADED24140','2015-01-09 13:36:24','2015-01-09 13:36:24'),
	(16,X'0000000001010000001094DBF63D7661409CFD8172DBD24140','2015-01-09 13:36:24','2015-01-09 13:36:24'),
	(17,X'0000000001010000007E5182FE42766140B43C0FEECED24140','2015-01-09 13:36:24','2015-01-09 13:36:24'),
	(18,X'000000000101000000DA0418963F766140081C0934D8D24140','2015-01-09 13:36:24','2015-01-09 13:36:24'),
	(19,X'0000000001010000001F9F909D37766140E71BD13DEBD24140','2015-01-09 13:36:24','2015-01-09 13:36:24'),
	(20,X'000000000101000000AAF3A8F83F76614024B6BB07E8D24140','2015-01-09 13:36:24','2015-01-09 13:36:24'),
	(21,X'0000000001010000002B14E97E4E766140FBAE08FEB7D24140','2015-01-09 13:36:24','2015-01-09 13:36:24'),
	(22,X'00000000010100000083DDB06D5176614062A2410A9ED24140','2015-01-09 13:36:24','2015-01-09 13:36:24'),
	(23,X'000000000101000000EE5F59695276614052D32EA699D24140','2015-01-09 13:36:24','2015-01-09 13:36:24'),
	(24,X'0000000001010000003E213B6F637661408F334DD87ED24140','2015-01-09 13:36:24','2015-01-09 13:36:24'),
	(25,X'000000000101000000F8A57EDE54766140946A9F8EC7D24140','2015-01-09 13:36:24','2015-01-09 13:36:24'),
	(26,X'000000000101000000BF823463517661408FC6A17E17D24140','2015-01-09 13:36:24','2015-01-09 13:36:24'),
	(27,X'000000000101000000925852EE3E7661406616A1D80AD24140','2015-01-09 13:36:24','2015-01-09 13:36:24'),
	(28,X'00000000010100000046ED7E15E07561409088299144D34140','2015-01-09 13:36:24','2015-01-09 13:36:24'),
	(29,X'000000000101000000D447E00F3F766140DE205A2BDAD24140','2015-01-09 13:36:24','2015-01-09 13:36:24'),
	(30,X'000000000101000000CF842689A5766140AF0AD462F0D24140','2015-01-09 13:36:24','2015-01-09 13:36:24'),
	(31,X'0000000001010000008F39CFD897756140A4E2FF8EA8D24140','2015-01-09 13:36:24','2015-01-09 13:36:24'),
	(32,X'000000000101000000809A5AB6D676614019ABCDFFABD24140','2015-01-09 13:36:24','2015-01-09 13:36:24'),
	(33,X'000000000101000000B4006DAB597661400C73823639D24140','2015-01-09 13:36:24','2015-01-09 13:36:24'),
	(34,X'0000000001010000004B06802A6E766140F9BB77D498D24140','2015-01-09 13:36:24','2015-01-09 13:36:24'),
	(35,X'00000000010100000036E50AEF7276614033DC80CF0FD34140','2015-01-09 13:36:24','2015-01-09 13:36:24'),
	(36,X'000000000101000000DB8B683BA6766140B360E28FA2D24140','2015-01-09 13:36:24','2015-01-09 13:36:24'),
	(37,X'00000000010100000064CA87A06A766140DB6E826F9AD24140','2015-01-09 13:36:24','2015-01-09 13:36:24'),
	(38,X'0000000001010000005169C4CC3E7661405B423EE8D9D24140','2015-01-09 13:36:25','2015-01-09 13:36:25'),
	(39,X'000000000101000000289EB30584766140236B0DA5F6D24140','2015-01-09 13:36:25','2015-01-09 13:36:25'),
	(40,X'00000000010100000061325530AA7661408847E2E5E9D24140','2015-01-09 13:36:25','2015-01-09 13:36:25');

/*!40000 ALTER TABLE `restaurant_geos` ENABLE KEYS */;
UNLOCK TABLES;


# テーブルのダンプ restaurants
# ------------------------------------------------------------

DROP TABLE IF EXISTS `restaurants`;

CREATE TABLE `restaurants` (
  `id` int(11) unsigned NOT NULL AUTO_INCREMENT,
  `name` varchar(255) NOT NULL DEFAULT '',
  `description` varchar(255) DEFAULT NULL,
  `order` int(11) unsigned NOT NULL,
  `created` datetime DEFAULT NULL,
  `modified` datetime DEFAULT NULL,
  PRIMARY KEY (`id`),
  KEY `name` (`name`)
) ENGINE=InnoDB DEFAULT CHARSET=utf8;

LOCK TABLES `restaurants` WRITE;
/*!40000 ALTER TABLE `restaurants` DISABLE KEYS */;

INSERT INTO `restaurants` (`id`, `name`, `description`, `order`, `created`, `modified`)
VALUES
	(1,'橙 daidai',NULL,0,'2015-01-09 13:36:23','2015-01-09 13:36:23'),
	(2,'へのへのもてじ',NULL,0,'2015-01-09 13:36:23','2015-01-09 13:36:23'),
	(3,'八雲',NULL,0,'2015-01-09 13:36:23','2015-01-09 13:36:23'),
	(4,'麺屋 和利道',NULL,0,'2015-01-09 13:36:23','2015-01-09 13:36:23'),
	(5,'鶏舎',NULL,0,'2015-01-09 13:36:23','2015-01-09 13:36:23'),
	(6,'ビストロティガボンボン 池尻大橋店',NULL,0,'2015-01-09 13:36:23','2015-01-09 13:36:23'),
	(7,'C-MEN-HAN シーメンハン 池尻大橋店',NULL,0,'2015-01-09 13:36:23','2015-01-09 13:36:23'),
	(8,'ソウルフードバンコク',NULL,0,'2015-01-09 13:36:23','2015-01-09 13:36:23'),
	(9,'ムッシュ ヨースケ',NULL,0,'2015-01-09 13:36:23','2015-01-09 13:36:23'),
	(10,'麺の坊 砦',NULL,0,'2015-01-09 13:36:24','2015-01-09 13:36:24'),
	(11,'GOLDEN BROWN',NULL,0,'2015-01-09 13:36:24','2015-01-09 13:36:24'),
	(12,'ディップパレス 中目黒店',NULL,0,'2015-01-09 13:36:24','2015-01-09 13:36:24'),
	(13,'天竺屋台 中目黒',NULL,0,'2015-01-09 13:36:24','2015-01-09 13:36:24'),
	(14,'DRAGON 純豆腐 中目黒本店',NULL,0,'2015-01-09 13:36:24','2015-01-09 13:36:24'),
	(15,'香家 中目黒店',NULL,0,'2015-01-09 13:36:24','2015-01-09 13:36:24'),
	(16,'俺流らーめん塩',NULL,0,'2015-01-09 13:36:24','2015-01-09 13:36:24'),
	(17,'広州市場中目黒店',NULL,0,'2015-01-09 13:36:24','2015-01-09 13:36:24'),
	(18,'ピッツェリア エ トラットリア ダ イーサ',NULL,0,'2015-01-09 13:36:24','2015-01-09 13:36:24'),
	(19,'ピッツァフォルノカフェ',NULL,0,'2015-01-09 13:36:24','2015-01-09 13:36:24'),
	(20,'うさぎ食堂 中目黒店',NULL,0,'2015-01-09 13:36:24','2015-01-09 13:36:24'),
	(21,'中目黒百麺',NULL,0,'2015-01-09 13:36:24','2015-01-09 13:36:24'),
	(22,'関谷スパゲティ',NULL,0,'2015-01-09 13:36:24','2015-01-09 13:36:24'),
	(23,'黒川食堂 中目黒店',NULL,0,'2015-01-09 13:36:24','2015-01-09 13:36:24'),
	(24,'AFURI 中目黒',NULL,0,'2015-01-09 13:36:24','2015-01-09 13:36:24'),
	(25,'イム アロイ',NULL,0,'2015-01-09 13:36:24','2015-01-09 13:36:24'),
	(26,'Ｂｂｒアパートメント',NULL,0,'2015-01-09 13:36:24','2015-01-09 13:36:24'),
	(27,'香食楽',NULL,0,'2015-01-09 13:36:24','2015-01-09 13:36:24'),
	(28,'チェゴヤ 池尻店',NULL,0,'2015-01-09 13:36:24','2015-01-09 13:36:24'),
	(29,'安穏 戊',NULL,0,'2015-01-09 13:36:24','2015-01-09 13:36:24'),
	(30,'框家 恵比寿',NULL,0,'2015-01-09 13:36:24','2015-01-09 13:36:24'),
	(31,'油そば商店 油坊主',NULL,0,'2015-01-09 13:36:24','2015-01-09 13:36:24'),
	(32,'ヴィナーヤ',NULL,0,'2015-01-09 13:36:24','2015-01-09 13:36:24'),
	(33,'SOI 7',NULL,0,'2015-01-09 13:36:24','2015-01-09 13:36:24'),
	(34,'レッドブック',NULL,0,'2015-01-09 13:36:24','2015-01-09 13:36:24'),
	(35,'末ぜん',NULL,0,'2015-01-09 13:36:24','2015-01-09 13:36:24'),
	(36,'ライオンのいるサーカス',NULL,0,'2015-01-09 13:36:24','2015-01-09 13:36:24'),
	(37,'クルン・サイアム 中目黒店',NULL,0,'2015-01-09 13:36:24','2015-01-09 13:36:24'),
	(38,'ギューギュー MASA',NULL,0,'2015-01-09 13:36:25','2015-01-09 13:36:25'),
	(39,'GRILL BURGER CLUB SASA',NULL,0,'2015-01-09 13:36:25','2015-01-09 13:36:25'),
	(40,'恵比寿 旬菜料理 なかよし',NULL,0,'2015-01-09 13:36:25','2015-01-09 13:36:25');

/*!40000 ALTER TABLE `restaurants` ENABLE KEYS */;
UNLOCK TABLES;


# テーブルのダンプ stations
# ------------------------------------------------------------

DROP TABLE IF EXISTS `stations`;

CREATE TABLE `stations` (
  `id` int(11) unsigned NOT NULL AUTO_INCREMENT,
  `name` varchar(255) NOT NULL DEFAULT '',
  `line` varchar(255) NOT NULL DEFAULT '',
  `latitude` varchar(255) DEFAULT NULL,
  `longitude` varchar(255) DEFAULT NULL,
  `modified` datetime DEFAULT NULL,
  `created` datetime DEFAULT NULL,
  PRIMARY KEY (`id`)
) ENGINE=InnoDB DEFAULT CHARSET=utf8;

LOCK TABLES `stations` WRITE;
/*!40000 ALTER TABLE `stations` DISABLE KEYS */;

INSERT INTO `stations` (`id`, `name`, `line`, `latitude`, `longitude`, `modified`, `created`)
VALUES
	(1,'恵比寿','JR山手線','35.647131142195576','139.70925629138947','2014-11-23 17:54:41','2014-11-23 17:54:41'),
	(2,'中目黒','東急東横線・日比谷線','35.644253990569474','139.69894587993622','2014-11-23 17:56:22','2014-11-23 17:56:22'),
	(3,'代官山','東急東横線','35.648168635091054','139.70325618982315','2014-11-23 17:56:41','2014-11-23 17:56:41'),
	(4,'池尻大橋','東急田園都市線','35.650670768405725','139.68452632427216','2014-11-23 17:56:59','2014-11-23 17:56:59');

/*!40000 ALTER TABLE `stations` ENABLE KEYS */;
UNLOCK TABLES;


# テーブルのダンプ twusers
# ------------------------------------------------------------

DROP TABLE IF EXISTS `twusers`;

CREATE TABLE `twusers` (
  `id` bigint(20) unsigned NOT NULL AUTO_INCREMENT,
  `user_id` varchar(36) DEFAULT '',
  `screen_name` varchar(15) NOT NULL DEFAULT '',
  `name` varchar(20) NOT NULL DEFAULT '',
  `description` text,
  `profile_image_url` varchar(255) DEFAULT NULL,
  `profile_image_url_https` varchar(255) DEFAULT NULL,
  `profile_background_image_url` varchar(255) DEFAULT NULL,
  `profile_background_image_url_https` varchar(255) DEFAULT NULL,
  `profile_use_background_image` tinyint(1) DEFAULT NULL,
  `profile_text_color` varchar(6) DEFAULT NULL,
  `profile_link_color` varchar(6) DEFAULT NULL,
  `profile_background_color` varchar(6) DEFAULT NULL,
  `profile_sidebar_border_color` varchar(6) DEFAULT NULL,
  `profile_sidebar_fill_color` varchar(6) DEFAULT NULL,
  `url` varchar(255) DEFAULT NULL,
  `profile_banner_url` varchar(255) DEFAULT NULL,
  `protected` tinyint(1) unsigned DEFAULT NULL,
  `is_translator` tinyint(1) unsigned DEFAULT NULL,
  `verified` tinyint(1) unsigned DEFAULT NULL,
  `contributors_enabled` tinyint(1) unsigned DEFAULT NULL,
  `geo_enabled` tinyint(1) unsigned DEFAULT NULL,
  `follow_request_sent` tinyint(1) unsigned DEFAULT NULL,
  `profile_background_tile` tinyint(1) unsigned DEFAULT NULL,
  `location` varchar(255) DEFAULT NULL,
  `lang` varchar(5) DEFAULT NULL,
  `utc_offset` int(11) unsigned DEFAULT NULL,
  `time_zone` varchar(15) DEFAULT NULL,
  `followers_count` int(11) unsigned DEFAULT NULL,
  `friends_count` int(11) unsigned DEFAULT NULL,
  `listed_count` int(11) unsigned DEFAULT NULL,
  `favourites_count` int(11) unsigned DEFAULT NULL,
  `statuses_count` int(11) unsigned DEFAULT NULL,
  `default_profile` tinyint(1) unsigned DEFAULT NULL,
  `default_profile_image` tinyint(1) unsigned DEFAULT NULL,
  `notifications` tinyint(1) unsigned DEFAULT NULL,
  `following` tinyint(1) unsigned DEFAULT NULL,
  `created_at` datetime DEFAULT NULL,
  `token` varchar(255) DEFAULT NULL,
  `secret` varchar(255) DEFAULT NULL,
  `status` int(3) unsigned NOT NULL DEFAULT '1',
  `created` datetime DEFAULT NULL,
  `modified` datetime DEFAULT NULL,
  PRIMARY KEY (`id`)
) ENGINE=InnoDB DEFAULT CHARSET=utf8;



# テーブルのダンプ users
# ------------------------------------------------------------

DROP TABLE IF EXISTS `users`;

CREATE TABLE `users` (
  `id` varchar(36) NOT NULL DEFAULT '',
  `username` varchar(255) NOT NULL DEFAULT '',
  `password` varchar(50) NOT NULL DEFAULT '',
  `name` varchar(255) DEFAULT NULL,
  `nickname` varchar(255) DEFAULT NULL,
  `first_name` varchar(255) DEFAULT NULL,
  `last_name` varchar(255) DEFAULT NULL,
  `image` varchar(255) DEFAULT NULL,
  `description` text,
  `role` varchar(255) DEFAULT 'author',
  `status` tinyint(3) unsigned NOT NULL DEFAULT '1',
  `spam` tinyint(3) unsigned NOT NULL DEFAULT '0' COMMENT '0:normal,1:candidate,2:spam',
  `created` datetime DEFAULT NULL,
  `modified` datetime DEFAULT NULL,
  PRIMARY KEY (`id`),
  UNIQUE KEY `username` (`username`)
) ENGINE=InnoDB DEFAULT CHARSET=utf8;

LOCK TABLES `users` WRITE;
/*!40000 ALTER TABLE `users` DISABLE KEYS */;

INSERT INTO `users` (`id`, `username`, `password`, `name`, `nickname`, `first_name`, `last_name`, `image`, `description`, `role`, `status`, `spam`, `created`, `modified`)
VALUES
	('54abe567-e898-4afe-815b-5a68cf13b2c9','coozo.office@gmail.com','47cd98feb883cd1e9cc2ac3fdd39022f050190df','euonymus',NULL,'','','http://coozo.co/apple-touch-icon-precomposed.png',NULL,'admin',1,0,'2015-01-06 22:38:47','2015-01-09 14:48:02');

/*!40000 ALTER TABLE `users` ENABLE KEYS */;
UNLOCK TABLES;



/*!40111 SET SQL_NOTES=@OLD_SQL_NOTES */;
/*!40101 SET SQL_MODE=@OLD_SQL_MODE */;
/*!40014 SET FOREIGN_KEY_CHECKS=@OLD_FOREIGN_KEY_CHECKS */;
/*!40101 SET CHARACTER_SET_CLIENT=@OLD_CHARACTER_SET_CLIENT */;
/*!40101 SET CHARACTER_SET_RESULTS=@OLD_CHARACTER_SET_RESULTS */;
/*!40101 SET COLLATION_CONNECTION=@OLD_COLLATION_CONNECTION */;
