# ************************************************************
# Sequel Pro SQL dump
# バージョン 4096
#
# http://www.sequelpro.com/
# http://code.google.com/p/sequel-pro/
#
# ホスト: 127.0.0.1 (MySQL 5.5.28)
# データベース: restaurant_menu
# 作成時刻: 2014-12-09 16:06:13 +0000
# ************************************************************


/*!40101 SET @OLD_CHARACTER_SET_CLIENT=@@CHARACTER_SET_CLIENT */;
/*!40101 SET @OLD_CHARACTER_SET_RESULTS=@@CHARACTER_SET_RESULTS */;
/*!40101 SET @OLD_COLLATION_CONNECTION=@@COLLATION_CONNECTION */;
/*!40101 SET NAMES utf8 */;
/*!40014 SET @OLD_FOREIGN_KEY_CHECKS=@@FOREIGN_KEY_CHECKS, FOREIGN_KEY_CHECKS=0 */;
/*!40101 SET @OLD_SQL_MODE=@@SQL_MODE, SQL_MODE='NO_AUTO_VALUE_ON_ZERO' */;
/*!40111 SET @OLD_SQL_NOTES=@@SQL_NOTES, SQL_NOTES=0 */;


# テーブルのダンプ fbusers
# ------------------------------------------------------------

DROP TABLE IF EXISTS `fbusers`;

CREATE TABLE `fbusers` (
  `id` bigint(20) unsigned NOT NULL AUTO_INCREMENT,
  `user_id` varchar(36) DEFAULT NULL,
  `name` varchar(255) DEFAULT NULL,
  `first_name` varchar(255) DEFAULT NULL,
  `last_name` varchar(255) DEFAULT NULL,
  `username` varchar(255) DEFAULT NULL,
  `link` varchar(255) DEFAULT NULL,
  `hometown_id` bigint(20) unsigned DEFAULT NULL,
  `hometown_name` varchar(255) DEFAULT NULL,
  `gender` varchar(10) DEFAULT NULL,
  `email` varchar(255) DEFAULT NULL,
  `timezone` tinyint(3) unsigned DEFAULT NULL,
  `locale` varchar(10) DEFAULT NULL,
  `verified` tinyint(1) unsigned DEFAULT NULL,
  `updated_time` datetime DEFAULT NULL,
  `token` varchar(255) DEFAULT NULL,
  `token_expires` datetime DEFAULT NULL,
  `status` tinyint(3) unsigned NOT NULL DEFAULT '1',
  `created` datetime DEFAULT NULL,
  `modified` datetime DEFAULT NULL,
  PRIMARY KEY (`id`)
) ENGINE=InnoDB DEFAULT CHARSET=utf8;



# テーブルのダンプ menu_tags
# ------------------------------------------------------------

DROP TABLE IF EXISTS `menu_tags`;

CREATE TABLE `menu_tags` (
  `id` int(11) unsigned NOT NULL AUTO_INCREMENT,
  `name` varchar(255) NOT NULL DEFAULT '',
  `accessories` varchar(255) DEFAULT NULL,
  `order` int(11) unsigned NOT NULL DEFAULT '1',
  `created` datetime DEFAULT NULL,
  `modified` datetime DEFAULT NULL,
  PRIMARY KEY (`id`)
) ENGINE=InnoDB DEFAULT CHARSET=utf8;

LOCK TABLES `menu_tags` WRITE;
/*!40000 ALTER TABLE `menu_tags` DISABLE KEYS */;

INSERT INTO `menu_tags` (`id`, `name`, `accessories`, `order`, `created`, `modified`)
VALUES
	(1,'日替り','',1,'2014-11-03 10:40:34','2014-11-03 10:40:34'),
	(2,'週替り','',1,'2014-11-03 10:40:42','2014-11-03 10:40:50'),
	(3,'丼','',1,'2014-11-03 10:41:54','2014-11-03 10:41:54'),
	(4,'肉料理','',1,'2014-11-03 10:42:01','2014-11-03 10:42:01'),
	(5,'日替り定食','米,日替り,日本',1,'2014-11-03 10:42:56','2014-11-03 10:42:56'),
	(6,'日替り麺','ラーメン,麺,日替り,日本',1,'2014-11-03 10:43:23','2014-11-03 10:43:23'),
	(7,'支那そば','ラーメン,麺,日本',1,'2014-11-03 10:43:45','2014-11-03 10:43:45'),
	(8,'醤油ラーメン','ラーメン,麺,日本',1,'2014-11-03 10:44:08','2014-11-03 10:44:08'),
	(9,'味噌ラーメン','ラーメン,麺,日本',1,'2014-11-03 10:44:28','2014-11-03 10:44:28'),
	(10,'塩ラーメン','ラーメン,麺,日本',1,'2014-11-03 10:44:49','2014-11-03 10:44:49'),
	(11,'豚骨ラーメン','ラーメン,麺,日本',1,'2014-11-03 10:44:59','2014-11-03 10:44:59'),
	(12,'和風出汁ラーメン','ラーメン,麺,日本',1,'2014-11-03 10:45:08','2014-11-03 10:46:05'),
	(13,'トマトラーメン','ラーメン,麺,日本',1,'2014-11-03 10:46:21','2014-11-03 10:46:21'),
	(14,'担々麺','ラーメン,麺,日本,中国',1,'2014-11-03 10:46:35','2014-11-03 10:46:35'),
	(15,'ワンタン麺','ラーメン,麺,日本,中国',1,'2014-11-03 10:46:48','2014-11-03 10:46:48'),
	(16,'タンメン','ラーメン,麺,中国',1,'2014-11-03 10:47:12','2014-11-03 10:47:12'),
	(17,'つけ麺','ラーメン,麺,日本',1,'2014-11-03 10:47:28','2014-11-03 12:12:46'),
	(18,'油そば','ラーメン,麺,日本',1,'2014-11-03 10:47:44','2014-11-03 10:47:44'),
	(19,'麻婆麺','ラーメン,麺,日本,中国',1,'2014-11-03 10:48:08','2014-11-03 10:48:08'),
	(20,'ワンタン','麺,中国',1,'2014-11-03 10:48:23','2014-11-03 10:48:23'),
	(21,'刃削麺','麺,中国',1,'2014-11-03 10:48:46','2014-11-03 10:48:46'),
	(22,'冷やし中華','麺,日本',1,'2014-11-03 10:49:05','2014-11-03 10:49:05'),
	(23,'ステーキ','洋食,肉料理,日本,アメリカ',1,'2014-11-03 10:49:28','2014-11-03 10:49:28'),
	(24,'ハンバーグ','洋食,肉料理,日本',1,'2014-11-03 10:49:59','2014-11-03 10:49:59'),
	(25,'ビーフシチュー','洋食,肉料理,日本',1,'2014-11-03 10:50:19','2014-11-03 10:50:19'),
	(26,'焼肉定食','洋食,肉料理,日本',1,'2014-11-03 10:50:55','2014-11-03 10:50:55'),
	(27,'野菜炒め','日本',1,'2014-11-03 10:51:09','2014-11-03 10:51:09'),
	(28,'生姜焼き','洋食,肉料理,日本',1,'2014-11-03 10:51:32','2014-11-03 10:51:32'),
	(29,'トンカツ','洋食,肉料理,日本',1,'2014-11-03 10:51:43','2014-11-03 10:51:43'),
	(30,'唐揚げ','洋食,肉料理,日本',1,'2014-11-03 10:51:49','2014-11-03 10:51:49'),
	(31,'コロッケ','洋食,日本',1,'2014-11-03 10:52:03','2014-11-03 10:52:03'),
	(32,'エビフライ','洋食,日本',1,'2014-11-03 10:52:15','2014-11-03 10:52:15'),
	(33,'グリルチキン','洋食,肉料理,日本',1,'2014-11-03 10:52:25','2014-11-03 10:52:25'),
	(34,'チキン南蛮','洋食,肉料理,日本',1,'2014-11-03 10:52:46','2014-11-03 10:52:46'),
	(35,'ハヤシライス','洋食,日本',1,'2014-11-03 10:53:00','2014-11-03 10:53:00'),
	(36,'オムライス','洋食,日本',1,'2014-11-03 10:53:07','2014-11-03 10:53:07'),
	(37,'カレーライス','洋食,カレー,日本',1,'2014-11-03 10:53:32','2014-11-03 10:53:32'),
	(38,'スパゲッティー','洋食,パスタ,日本,イタリア',1,'2014-11-03 10:53:52','2014-11-03 10:53:52'),
	(39,'グリーンカレー','タイカレー,カレー,タイ',1,'2014-11-03 10:54:19','2014-11-03 10:54:19'),
	(40,'イエローカレー','タイカレー,カレー,タイ',1,'2014-11-03 10:54:36','2014-11-03 10:54:36'),
	(41,'レッドカレー','タイカレー,カレー,タイ',1,'2014-11-03 10:54:43','2014-11-03 10:54:43'),
	(42,'トムヤムラーメン','トムヤムクン,ラーメン,タイ',1,'2014-11-03 10:55:23','2014-11-03 10:55:23'),
	(43,'トムヤムクン','スープ,タイ',1,'2014-11-03 10:55:46','2014-11-03 10:55:46'),
	(44,'ガパオ','野菜炒め,タイ',1,'2014-11-03 10:56:09','2014-11-03 10:56:09'),
	(45,'カオマンガイ','肉料理,タイ',1,'2014-11-03 10:56:27','2014-11-03 10:56:27'),
	(46,'パッタイ','麺,焼きそば,タイ',1,'2014-11-03 10:57:13','2014-11-03 10:57:13'),
	(47,'チャーハン','米,日本,中国',1,'2014-11-03 10:57:29','2014-11-03 10:57:29'),
	(48,'焼きそば','麺,日本',1,'2014-11-03 10:57:47','2014-11-03 10:57:47'),
	(49,'麻婆豆腐','中国',1,'2014-11-03 10:58:04','2014-11-03 10:58:04'),
	(50,'天津飯','米,中国',1,'2014-11-03 10:58:25','2014-11-03 10:58:25'),
	(51,'中華飯','米,中国',1,'2014-11-03 10:58:41','2014-11-03 10:58:41'),
	(52,'回鍋肉','肉料理,中国',1,'2014-11-03 10:58:56','2014-11-03 10:58:56'),
	(53,'酢豚','肉料理,中国',1,'2014-11-03 10:59:11','2014-11-03 10:59:11'),
	(54,'エビチリ','中国',1,'2014-11-03 10:59:27','2014-11-03 10:59:27'),
	(55,'レバニラ','中国',1,'2014-11-03 10:59:44','2014-11-03 10:59:44'),
	(56,'ハンバーガー','肉料理,パン,アメリカ',1,'2014-11-03 11:00:08','2014-11-03 11:00:08'),
	(57,'インドカレー','カレー,インド',1,'2014-11-03 11:00:25','2014-11-03 11:00:25'),
	(58,'マトンカレー','インドカレー,カレー,インド',1,'2014-11-03 11:00:43','2014-11-03 11:00:43'),
	(59,'キーマカレー','インドカレー,カレー,インド',1,'2014-11-03 11:01:08','2014-11-03 11:01:08'),
	(60,'バターチキンカレー','インドカレー,カレー,インド',1,'2014-11-03 11:01:22','2014-11-03 11:01:22'),
	(61,'サグカレー','インドカレー,カレー,インド',1,'2014-11-03 11:01:34','2014-11-03 11:01:34'),
	(62,'ビビンバ','米,韓国',1,'2014-11-03 11:02:15','2014-11-03 11:02:15'),
	(63,'スンドゥブ','鍋,韓国',1,'2014-11-03 11:02:38','2014-11-03 11:02:38'),
	(64,'チヂミ','韓国',1,'2014-11-03 11:02:50','2014-11-03 11:02:50'),
	(65,'キムチチゲ','鍋,韓国',1,'2014-11-03 11:03:03','2014-11-03 11:03:03'),
	(66,'プルコギ','肉料理,韓国',1,'2014-11-03 11:03:19','2014-11-03 11:03:19'),
	(67,'ユッケジャン','鍋,韓国',1,'2014-11-03 11:03:31','2014-11-03 11:03:31'),
	(68,'ピザ','イタリア',1,'2014-11-03 11:03:52','2014-11-03 11:03:52'),
	(69,'ナポリタン','パスタ,日本',1,'2014-11-03 11:04:05','2014-11-03 11:04:05'),
	(70,'ペペロンチーノ','パスタ,イタリア',1,'2014-11-03 11:04:24','2014-11-03 11:04:24'),
	(71,'ミートソースパスタ','パスタ,イタリア',1,'2014-11-03 11:04:44','2014-11-03 11:04:44'),
	(72,'ボロネーゼ','パスタ,イタリア',1,'2014-11-03 11:05:00','2014-11-03 11:05:00'),
	(73,'ペスカトーレ','パスタ,イタリア',1,'2014-11-03 11:05:10','2014-11-03 11:05:10'),
	(74,'アラビアータ','パスタ,イタリア',1,'2014-11-03 11:05:18','2014-11-03 11:05:18'),
	(75,'ボンゴレ・ロッソ','パスタ,イタリア',1,'2014-11-03 11:05:30','2014-11-03 11:05:30'),
	(76,'カルボナーラ','パスタ,イタリア',1,'2014-11-03 11:05:42','2014-11-03 11:05:42'),
	(77,'ジェノベーゼ','パスタ,イタリア',1,'2014-11-03 11:05:52','2014-11-03 11:05:52'),
	(78,'和風パスタ','パスタ,日本',1,'2014-11-03 11:06:05','2014-11-03 11:06:05'),
	(79,'沖縄そば','沖縄,麺,日本',1,'2014-11-03 11:06:33','2014-11-03 11:06:33'),
	(80,'ゴーヤーチャンプルー','沖縄,日本',1,'2014-11-03 11:06:53','2014-11-03 11:06:53'),
	(81,'フーチャンプルー','沖縄,日本',1,'2014-11-03 11:07:17','2014-11-03 11:07:17'),
	(82,'ソーメンチャンプルー','沖縄,日本',1,'2014-11-03 11:07:27','2014-11-03 11:07:27'),
	(83,'にんじんしりしり','沖縄,日本',1,'2014-11-03 11:07:43','2014-11-03 11:07:43'),
	(84,'高菜丼','丼,米,日本',1,'2014-11-03 11:08:04','2014-11-03 11:08:04'),
	(85,'いくら丼','丼,米,日本',1,'2014-11-03 11:08:23','2014-11-03 11:08:23'),
	(86,'ネギトロ丼','丼,米,日本',1,'2014-11-03 11:08:42','2014-11-03 11:08:42'),
	(87,'カツ丼','丼,米,肉料理,日本',1,'2014-11-03 11:09:08','2014-11-03 11:09:08'),
	(88,'親子丼','丼,米,肉料理,日本',1,'2014-11-03 11:09:19','2014-11-03 11:09:19'),
	(89,'牛丼','丼,米,肉料理,日本',1,'2014-11-03 11:09:27','2014-11-03 11:09:27'),
	(90,'鰻重','丼,米,日本',1,'2014-11-03 11:10:00','2014-11-03 11:10:00'),
	(91,'麻婆丼','丼,米,麻婆豆腐,日本',1,'2014-11-03 11:10:21','2014-11-03 14:52:45'),
	(92,'釜飯','丼,米',1,'2014-11-03 11:10:35','2014-11-03 11:10:35'),
	(93,'フライ魚','魚料理,日本',1,'2014-11-03 11:10:50','2014-11-03 11:10:50'),
	(94,'焼き魚','魚料理,日本',1,'2014-11-03 11:11:05','2014-11-03 11:11:05'),
	(95,'麺','中国',1,'2014-11-03 12:01:19','2014-11-03 12:01:19'),
	(96,'サムゲタン','鍋,韓国',1,'2014-11-06 01:05:47','2014-11-06 01:05:47'),
	(97,'カルビ','肉料理,韓国',1,'2014-11-06 01:16:41','2014-11-06 01:16:41'),
	(98,'チャプチェ','韓国',1,'2014-11-06 01:16:54','2014-11-06 01:16:54'),
	(99,'冷麺','麺,日本,韓国',1,'2014-11-06 01:17:11','2014-11-06 01:17:11'),
	(100,'うどん','麺,日本',1,'2014-11-06 01:17:25','2014-11-06 01:17:25');

/*!40000 ALTER TABLE `menu_tags` ENABLE KEYS */;
UNLOCK TABLES;


# テーブルのダンプ menu_users
# ------------------------------------------------------------

DROP TABLE IF EXISTS `menu_users`;

CREATE TABLE `menu_users` (
  `id` int(11) unsigned NOT NULL AUTO_INCREMENT,
  `menu_id` int(11) unsigned NOT NULL,
  `user_id` varchar(36) NOT NULL DEFAULT '',
  `created` datetime DEFAULT NULL,
  `modified` datetime DEFAULT NULL,
  PRIMARY KEY (`id`),
  UNIQUE KEY `menu_id` (`menu_id`,`user_id`)
) ENGINE=InnoDB DEFAULT CHARSET=utf8;



# テーブルのダンプ menus
# ------------------------------------------------------------

DROP TABLE IF EXISTS `menus`;

CREATE TABLE `menus` (
  `id` int(11) unsigned NOT NULL AUTO_INCREMENT,
  `name` varchar(255) NOT NULL DEFAULT '',
  `restaurant_id` int(11) unsigned NOT NULL,
  `description` varchar(255) DEFAULT NULL,
  `image` varchar(255) DEFAULT NULL,
  `remarks` varchar(255) DEFAULT NULL,
  `combo` tinyint(1) unsigned NOT NULL DEFAULT '0',
  `lunch` tinyint(1) unsigned NOT NULL DEFAULT '1',
  `dinner` tinyint(1) unsigned NOT NULL DEFAULT '0',
  `price` int(11) unsigned DEFAULT NULL,
  `tags` varchar(255) CHARACTER SET utf8 COLLATE utf8_unicode_ci NOT NULL DEFAULT '',
  `point` int(11) unsigned NOT NULL DEFAULT '0',
  `created` datetime DEFAULT NULL,
  `modified` datetime DEFAULT NULL,
  PRIMARY KEY (`id`),
  FULLTEXT KEY `tags` (`tags`)
) ENGINE=MyISAM DEFAULT CHARSET=utf8;

LOCK TABLES `menus` WRITE;
/*!40000 ALTER TABLE `menus` DISABLE KEYS */;

INSERT INTO `menus` (`id`, `name`, `restaurant_id`, `description`, `image`, `remarks`, `combo`, `lunch`, `dinner`, `price`, `tags`, `point`, `created`, `modified`)
VALUES
	(1,'本日の麺セット',1,'日替り麺・日替り小丼・サラダ・漬物',NULL,'',0,1,0,900,'日替り麺',0,'2014-11-03 11:19:41','2014-11-03 11:56:38'),
	(2,'麻婆豆腐',1,'',NULL,'ごはんおかわり無料',1,1,0,900,'麻婆豆腐,中国',0,'2014-11-03 11:35:55','2014-11-03 11:52:22'),
	(3,'麻婆板春雨',1,'',NULL,'ごはんおかわり無料',1,1,0,900,'麻婆春雨',0,'2014-11-03 12:01:27','2014-11-03 12:01:39'),
	(4,'豚肉と赤唐辛子の細切り炒め',1,'ごはんおかわり無料',NULL,'',1,1,0,900,'肉料理,中国',0,'2014-11-03 12:02:33','2014-11-03 12:04:45'),
	(5,'海老と玉子のチリソース',1,'',NULL,'ごはんおかわり無料',1,1,0,900,'エビチリ,中国',0,'2014-11-03 12:03:21','2014-11-03 12:03:21'),
	(6,'豚の角煮',1,'',NULL,'ごはんおかわり無料',1,1,0,900,'肉料理,中国',0,'2014-11-03 12:04:21','2014-11-03 12:04:29'),
	(7,'豚肉と茄子の黒味噌炒め',1,'',NULL,'ごはんおかわり無料',1,1,0,900,'肉料理,中国',0,'2014-11-03 12:05:20','2014-11-03 12:05:30'),
	(8,'木耳玉子炒め',1,'','/img/uploaded/20141201/tengu1417413651877.jpg','ごはんおかわり無料',1,1,0,900,'野菜炒め,日本',0,'2014-11-03 12:06:14','2014-12-01 15:00:51'),
	(9,'回鍋肉',1,'',NULL,'ごはんおかわり無料',1,1,0,900,'回鍋肉,肉料理,中国',0,'2014-11-03 12:06:49','2014-11-03 12:06:49'),
	(10,'レバニラ',1,'',NULL,'ごはんおかわり無料',1,1,0,900,'レバニラ,中国',0,'2014-11-03 12:07:23','2014-11-03 12:07:23'),
	(11,'豚焼肉定食',1,'',NULL,'ごはんおかわり無料',1,1,0,650,'焼肉定食,洋食,肉料理,日本',0,'2014-11-03 12:07:53','2014-11-03 12:07:53'),
	(12,'辛豚焼肉定食',1,'',NULL,'ごはんおかわり無料',1,1,0,700,'焼肉定食,洋食,肉料理,日本',0,'2014-11-03 12:08:26','2014-11-03 12:08:26'),
	(13,'白担々麺セット',1,'白胡麻担々麺・ごはん・漬物・焼売2個',NULL,'',1,1,0,1000,'担々麺,ラーメン,麺,日本,中国',0,'2014-11-03 12:08:56','2014-11-03 12:08:56'),
	(14,'黒担々麺セット',1,'黒胡麻担々麺・ごはん・漬物・水餃子2個','/img/uploaded/20141106/th_IMG_563014152016911382.jpg','',1,1,0,1000,'担々麺,ラーメン,麺,日本,中国',0,'2014-11-03 12:09:17','2014-11-06 00:34:51'),
	(15,'本しお麺',2,'あっさり',NULL,'',0,1,1,700,'塩ラーメン,ラーメン,麺,日本',0,'2014-11-03 12:09:47','2014-11-03 12:09:47'),
	(16,'本しょうゆ麺',2,'あっさり',NULL,'',0,1,1,700,'醤油ラーメン,ラーメン,麺,日本',0,'2014-11-03 12:10:15','2014-11-03 12:10:15'),
	(17,'博多豚骨麺',2,'こってり',NULL,'',0,1,1,700,'豚骨ラーメン,ラーメン,麺,日本',0,'2014-11-03 12:10:44','2014-11-03 12:10:44'),
	(18,'しお豚骨麺',2,'こってり',NULL,'',0,1,1,700,'豚骨ラーメン,ラーメン,麺,日本',0,'2014-11-03 12:11:07','2014-11-03 12:11:07'),
	(19,'野菜味噌豚骨麺',2,'がっつり',NULL,'',0,1,1,1000,'味噌ラーメン,ラーメン,麺,日本',0,'2014-11-03 12:11:35','2014-11-03 12:11:35'),
	(20,'野菜つけ麺',2,'がっつり',NULL,'',0,1,1,1000,'つけ麺,ラーメン,麺,日本',0,'2014-11-03 12:12:09','2014-11-03 12:13:20'),
	(21,'日替り丼セット',2,'麺 + 丼 + サラダ',NULL,'',1,1,1,950,'日替り',0,'2014-11-03 12:13:53','2014-11-03 12:13:53'),
	(22,'自家製なめ茸丼',2,'麺 + 丼 + サラダ',NULL,'',1,1,1,1000,'丼',0,'2014-11-03 12:14:20','2014-11-03 12:14:20'),
	(23,'辛子たか菜丼',2,'麺 + 丼 + サラダ',NULL,'',1,1,1,1000,'高菜丼,丼,米,日本',0,'2014-11-03 12:14:48','2014-11-03 12:14:48'),
	(24,'鶏もてじ丼',2,'麺 + 丼 + サラダ',NULL,'',1,1,1,1000,'丼',0,'2014-11-03 12:15:12','2014-11-03 12:15:12'),
	(25,'支那そば（黒だし）',3,'',NULL,'',0,1,1,650,'支那そば,ラーメン,麺,日本',0,'2014-11-03 12:16:17','2014-11-03 12:16:17'),
	(26,'肉ワンタン麺（黒だし）',3,'',NULL,'',0,1,1,850,'ワンタン麺,ラーメン,麺,日本,中国',0,'2014-11-03 12:16:38','2014-11-03 12:16:38'),
	(27,'特製ワンタン麺（黒だし）',3,'','/img/uploaded/20141106/th_IMG_883414152003199895.jpg','',0,1,1,950,'ワンタン麺,ラーメン,麺,日本,中国',0,'2014-11-03 12:17:01','2014-11-06 00:11:59'),
	(28,'エビワンタン麺（黒だし）',3,'',NULL,'',0,1,1,1050,'ワンタン麺,ラーメン,麺,日本,中国',0,'2014-11-03 12:17:35','2014-11-03 12:17:35'),
	(29,'味玉そば（黒だし）',3,'',NULL,'',0,1,1,750,'支那そば,ラーメン,麺,日本',0,'2014-11-03 12:17:58','2014-11-03 12:17:58'),
	(30,'つけそば（黒だし）',3,'',NULL,'',0,1,1,680,'つけ麺,ラーメン,麺,日本',0,'2014-11-03 12:18:20','2014-11-03 12:18:20'),
	(31,'つけそば（肉ワンタン付き）（黒だし）',3,'',NULL,'',0,1,1,880,'つけ麺,ラーメン,麺,日本',0,'2014-11-03 12:18:43','2014-11-03 12:18:43'),
	(32,'つけそば（特製ワンタン付き）（黒だし）',3,'',NULL,'',0,1,1,980,'つけ麺,ラーメン,麺,日本',0,'2014-11-03 12:19:02','2014-11-03 12:19:02'),
	(33,'つけそば（エビワンタン付き）（黒だし）',3,'',NULL,'',0,1,1,1080,'つけ麺,ラーメン,麺,日本',0,'2014-11-03 12:19:27','2014-11-03 12:19:27'),
	(34,'チャーシュー麺（黒だし）',3,'',NULL,'',0,1,1,980,'支那そば,ラーメン,麺,日本',0,'2014-11-03 12:19:56','2014-11-03 12:19:56'),
	(35,'チャーシュー肉ワンタン麺（黒だし）',3,'',NULL,'',0,1,1,1180,'ワンタン麺,ラーメン,麺,日本,中国',0,'2014-11-03 12:20:18','2014-11-03 12:20:18'),
	(36,'チャーシュー特製ワンタン麺（黒だし）',3,'',NULL,'',0,1,1,1280,'ワンタン麺,ラーメン,麺,日本,中国',0,'2014-11-03 12:20:36','2014-11-03 12:20:36'),
	(37,'チャーシューエビワンタン麺（黒だし）',3,'',NULL,'',0,1,1,1380,'ワンタン麺,ラーメン,麺,日本,中国',0,'2014-11-03 12:21:02','2014-11-03 12:21:02'),
	(38,'スープワンタン（黒だし）',3,'',NULL,'麺は入ってません',0,1,1,800,'ワンタン,麺,中国',0,'2014-11-03 12:21:34','2014-11-03 12:28:18'),
	(39,'支那そば（白だし）',3,'',NULL,'',0,1,1,650,'支那そば,ラーメン,麺,日本',0,'2014-11-03 12:21:55','2014-11-03 12:21:55'),
	(40,'肉ワンタン麺（白だし）',3,'',NULL,'',0,1,1,850,'ワンタン麺,ラーメン,麺,日本,中国',0,'2014-11-03 12:22:19','2014-11-03 12:22:19'),
	(41,'特製ワンタン麺（白だし）',3,'','/img/uploaded/20141106/th_IMG_883714152003846859.jpg','',0,1,1,950,'ワンタン麺,ラーメン,麺,日本,中国',0,'2014-11-03 12:22:39','2014-11-06 00:13:04'),
	(42,'エビワンタン麺（白だし）',3,'',NULL,'',0,1,1,1050,'ワンタン麺,ラーメン,麺,日本,中国',0,'2014-11-03 12:22:57','2014-11-03 12:22:57'),
	(43,'味玉そば（白だし）',3,'',NULL,'',0,1,1,750,'支那そば,ラーメン,麺,日本',0,'2014-11-03 12:23:21','2014-11-03 12:23:21'),
	(44,'つけそば（白だし）',3,'',NULL,'',0,1,1,680,'つけ麺,ラーメン,麺,日本',0,'2014-11-03 12:23:39','2014-11-03 12:23:39'),
	(45,'つけそば（肉ワンタン付き）（白だし）',3,'',NULL,'',0,1,1,880,'つけ麺,ラーメン,麺,日本',0,'2014-11-03 12:24:00','2014-11-03 12:24:00'),
	(46,'つけそば（特製ワンタン付き）（白だし）',3,'',NULL,'',0,1,1,980,'つけ麺,ラーメン,麺,日本',0,'2014-11-03 12:24:21','2014-11-03 12:24:21'),
	(47,'つけそば（エビワンタン付き）（白だし）',3,'',NULL,'',0,1,1,1080,'つけ麺,ラーメン,麺,日本',0,'2014-11-03 12:24:45','2014-11-03 12:24:45'),
	(48,'チャーシュー麺（白だし）',3,'',NULL,'',0,1,1,980,'支那そば,ラーメン,麺,日本',0,'2014-11-03 12:25:07','2014-11-03 12:25:07'),
	(49,'チャーシュー肉ワンタン麺（白だし）',3,'',NULL,'',0,1,1,1180,'ワンタン麺,ラーメン,麺,日本,中国',0,'2014-11-03 12:25:29','2014-11-03 12:25:29'),
	(50,'チャーシュー特製ワンタン麺（白だし）',3,'',NULL,'',0,1,1,1280,'ワンタン麺,ラーメン,麺,日本,中国',0,'2014-11-03 12:26:36','2014-11-03 12:26:36'),
	(51,'チャーシューエビワンタン麺（白だし）',3,'',NULL,'',0,1,1,1380,'ワンタン麺,ラーメン,麺,日本,中国',0,'2014-11-03 12:27:00','2014-11-03 12:27:00'),
	(52,'スープワンタン（白だし）',3,'',NULL,'麺は入ってません',0,1,1,800,'ワンタン,麺,中国',0,'2014-11-03 12:27:43','2014-11-03 12:27:43'),
	(53,'和利道つけめん',4,'','/img/uploaded/20141106/th_IMG_107414152008598912.jpg','',0,1,1,1050,'つけ麺,ラーメン,麺,日本',0,'2014-11-03 12:29:11','2014-11-06 00:20:59'),
	(54,'味玉つけめん',4,'','/img/uploaded/20141106/th_IMG_88141415204562667.jpg','',0,1,1,900,'つけ麺,ラーメン,麺,日本',0,'2014-11-03 12:29:44','2014-11-06 01:22:42'),
	(55,'辛つけめん',4,'',NULL,'',0,1,1,850,'つけ麺,ラーメン,麺,日本',0,'2014-11-03 12:30:06','2014-11-03 12:30:06'),
	(56,'つけめん',4,'','/img/uploaded/20141106/th_IMG_107414152012191677.jpg','',0,1,1,800,'つけ麺,ラーメン,麺,日本',0,'2014-11-03 12:30:23','2014-11-06 00:26:59'),
	(57,'和利道あつもり',4,'','/img/uploaded/20141106/th_IMG_107114152008937584.jpg','',0,1,1,1050,'つけ麺,ラーメン,麺,日本',0,'2014-11-03 12:30:43','2014-11-06 00:21:33'),
	(58,'味玉あつもり',4,'',NULL,'',0,1,1,900,'つけ麺,ラーメン,麺,日本',0,'2014-11-03 12:31:03','2014-11-03 12:31:03'),
	(59,'辛あつもり',4,'','/img/uploaded/20141106/th_IMG_1073_modified14152010578661.jpg','',0,1,1,850,'つけ麺,ラーメン,麺,日本',0,'2014-11-03 12:31:23','2014-11-06 00:24:17'),
	(60,'あつもり',4,'','/img/uploaded/20141106/th_IMG_107114152011149615.jpg','',0,1,1,800,'つけ麺,ラーメン,麺,日本',0,'2014-11-03 12:31:43','2014-11-06 00:25:16'),
	(61,'魚介そば',4,'',NULL,'冬季限定',0,1,1,750,'つけ麺,ラーメン,麺,日本',0,'2014-11-03 12:32:33','2014-11-03 12:32:33'),
	(62,'ラーメン',5,'',NULL,'',0,1,1,600,'支那そば,ラーメン,麺,日本',0,'2014-11-03 14:38:53','2014-11-03 14:38:53'),
	(63,'チャーシューメン',5,'',NULL,'',0,1,1,900,'支那そば,ラーメン,麺,日本',0,'2014-11-03 14:39:14','2014-11-03 14:39:14'),
	(64,'ワンタン',5,'',NULL,'',0,1,1,750,'ワンタン,麺,中国',0,'2014-11-03 14:39:39','2014-11-03 14:39:39'),
	(65,'ワンタンメン',5,'',NULL,'',0,1,1,900,'ワンタン麺,ラーメン,麺,日本,中国',0,'2014-11-03 14:39:59','2014-11-03 14:39:59'),
	(66,'タンメン',5,'',NULL,'',0,1,1,850,'タンメン,ラーメン,麺,中国',0,'2014-11-03 14:40:34','2014-11-03 14:40:34'),
	(67,'モヤシソバ',5,'',NULL,'',0,1,1,850,'麺,中国',0,'2014-11-03 14:41:52','2014-11-03 14:42:03'),
	(68,'ネギソバ',5,'',NULL,'',0,1,1,850,'麺,中国',0,'2014-11-03 14:43:22','2014-11-03 17:13:54'),
	(69,'トリソバ',5,'',NULL,'',0,1,1,850,'麺,中国',0,'2014-11-03 14:43:43','2014-11-03 14:43:43'),
	(70,'タンタンメン',5,'',NULL,'',0,1,1,900,'担々麺,ラーメン,麺,日本,中国',0,'2014-11-03 14:44:07','2014-11-03 14:44:07'),
	(71,'マーボメン',5,'',NULL,'',0,1,1,900,'麻婆麺,ラーメン,麺,日本,中国',0,'2014-11-03 14:44:35','2014-11-03 14:44:35'),
	(72,'肉細切りソバ',5,'',NULL,'',0,1,1,950,'麺,中国',0,'2014-11-03 14:45:02','2014-11-03 14:45:02'),
	(73,'肉細切り焼ソバ',5,'',NULL,'',0,1,1,950,'焼きそば,麺,日本',0,'2014-11-03 14:45:32','2014-11-03 14:45:32'),
	(74,'五目ウマニソバ',5,'',NULL,'',0,1,1,950,'麺,中国',0,'2014-11-03 14:45:55','2014-11-03 14:45:55'),
	(75,'五目焼ソバ',5,'',NULL,'',0,1,1,950,'焼きそば,麺,日本',0,'2014-11-03 14:46:47','2014-11-03 14:46:47'),
	(76,'ザーサイメン',5,'',NULL,'',0,1,1,900,'麺,中国',0,'2014-11-03 14:47:21','2014-11-03 14:47:21'),
	(77,'エビソバ',5,'',NULL,'',0,1,1,1000,'麺,中国',0,'2014-11-03 14:47:42','2014-11-03 14:47:42'),
	(78,'エビ焼ソバ',5,'',NULL,'',0,1,1,1000,'焼きそば,麺,日本',0,'2014-11-03 14:48:11','2014-11-03 14:48:11'),
	(79,'高菜ソバ',5,'',NULL,'',0,1,1,900,'麺,中国',0,'2014-11-03 14:48:31','2014-11-03 14:48:31'),
	(80,'辛いソバ',5,'',NULL,'',0,1,1,950,'麺,中国',0,'2014-11-03 14:48:52','2014-11-03 14:48:52'),
	(81,'酢ノキイタ辛いソバ',5,'',NULL,'',0,1,1,1000,'麺,中国',0,'2014-11-03 14:49:14','2014-11-03 14:49:14'),
	(82,'チャーハン',5,'',NULL,'',0,1,1,800,'チャーハン,米,日本,中国',0,'2014-11-03 14:50:03','2014-11-03 14:50:03'),
	(83,'エビチャーハン',5,'',NULL,'',0,1,1,950,'チャーハン,米,日本,中国',0,'2014-11-03 14:51:02','2014-11-03 14:51:02'),
	(84,'カニチャーハン',5,'',NULL,'',0,1,1,950,'チャーハン,米,日本,中国',0,'2014-11-03 14:51:25','2014-11-03 14:51:25'),
	(85,'五目ウマニかけ飯',5,'',NULL,'',0,1,1,950,'中華飯,米,中国',0,'2014-11-03 14:51:52','2014-11-03 14:51:52'),
	(86,'マーボ丼',5,'',NULL,'',0,1,1,900,'麻婆丼,丼,米,麻婆豆腐,日本',0,'2014-11-03 14:52:52','2014-11-03 14:52:52'),
	(87,'カニ玉丼',5,'',NULL,'',0,1,1,1000,'中華飯,米,中国',0,'2014-11-03 14:53:34','2014-11-03 14:53:34'),
	(88,'エビウマニかけ飯',5,'',NULL,'',0,1,1,1000,'中華飯,米,中国',0,'2014-11-03 14:54:09','2014-11-03 14:54:09'),
	(89,'ボンボン特製キーマカレー',6,'',NULL,'',0,1,0,980,'キーマカレー,インドカレー,カレー,インド',0,'2014-11-03 17:24:31','2014-11-03 17:24:31'),
	(90,'子羊と春野菜のグリル トマトソース',6,'',NULL,'',0,1,0,980,'洋食,肉料理',0,'2014-11-03 17:25:24','2014-11-03 17:26:46'),
	(91,'ハーブ塩で漬込んだ鶏のスパイシーグリル',6,'',NULL,'',0,1,0,980,'グリルチキン,洋食,肉料理,日本',0,'2014-11-03 17:27:23','2014-11-03 17:27:23'),
	(92,'手作り自家製ハンバーグ',6,'',NULL,'',0,1,0,1080,'ハンバーグ,洋食,肉料理,日本',0,'2014-11-03 17:27:50','2014-11-03 17:27:50'),
	(93,'トマトがたっぷり ビストロカレー',6,'',NULL,'',0,1,0,980,'カレーライス,洋食,カレー,日本',0,'2014-11-03 17:28:17','2014-11-03 17:28:17'),
	(94,'厚切りロースカツレツ',6,'',NULL,'',0,1,0,1080,'トンカツ,洋食,肉料理,日本',0,'2014-11-03 17:28:42','2014-11-03 17:28:42'),
	(95,'麻婆豆腐',7,'',NULL,'',1,1,0,898,'麻婆豆腐,中国',0,'2014-11-03 17:29:23','2014-11-03 17:29:23'),
	(96,'青椒牛肉絲',7,'',NULL,'',1,1,0,898,'野菜炒め,日本',0,'2014-11-03 17:29:57','2014-11-03 17:29:57'),
	(97,'海老チリソース',7,'',NULL,'',1,1,0,898,'エビチリ,中国',0,'2014-11-03 17:30:26','2014-11-03 17:30:26'),
	(98,'黒酢酢豚',7,'','/img/uploaded/20141106/th_IMG_856614152031145299.jpg','',1,1,0,898,'酢豚,肉料理,中国',0,'2014-11-03 17:30:53','2014-11-06 00:58:34'),
	(99,'海老の玉子炒め',7,'',NULL,'',1,1,0,898,'中国',0,'2014-11-03 17:31:25','2014-11-03 17:31:42'),
	(100,'回鍋肉',7,'',NULL,'',1,1,0,898,'回鍋肉,肉料理,中国',0,'2014-11-03 17:32:07','2014-11-03 17:32:07'),
	(101,'鶏バリバリ揚げ',7,'',NULL,'',1,1,0,898,'唐揚げ,洋食,肉料理,日本',0,'2014-11-03 17:32:31','2014-11-03 17:32:31'),
	(102,'肉野菜炒め',7,'',NULL,'',1,1,0,898,'野菜炒め,日本',0,'2014-11-03 17:32:54','2014-11-03 17:32:54'),
	(103,'鶏肉の辛子炒め',7,'',NULL,'',1,1,0,898,'野菜炒め,日本',0,'2014-11-03 17:33:12','2014-11-03 17:33:12'),
	(104,'香辣(シャンラー)牛刀削麺',7,'',NULL,'',0,1,0,898,'刃削麺,麺,中国',0,'2014-11-03 17:33:38','2014-11-03 17:33:38'),
	(105,'高菜牛バラ刀削麺',7,'',NULL,'',0,1,0,898,'刃削麺,麺,中国',0,'2014-11-03 17:33:55','2014-11-03 17:33:55'),
	(106,'酸辣刀削麺',7,'',NULL,'',0,1,0,898,'刃削麺,麺,中国',0,'2014-11-03 17:34:12','2014-11-03 17:34:12'),
	(107,'麻辣刀削麺',7,'',NULL,'',0,1,0,898,'刃削麺,麺,中国',0,'2014-11-03 17:34:33','2014-11-03 17:34:33'),
	(108,'白胡麻刀削麺',7,'',NULL,'',0,1,0,898,'刃削麺,麺,中国',0,'2014-11-03 17:34:49','2014-11-03 17:34:49'),
	(109,'黒胡麻刀削麺',7,'',NULL,'',0,1,0,898,'刃削麺,麺,中国',0,'2014-11-03 17:35:04','2014-11-03 17:35:04'),
	(110,'葱醤油刀削麺',7,'',NULL,'',0,1,0,898,'刃削麺,麺,中国',0,'2014-11-03 17:35:20','2014-11-03 17:35:20'),
	(111,'海鮮塩刀削麺',7,'',NULL,'',0,1,0,898,'刃削麺,麺,中国',0,'2014-11-03 17:35:37','2014-11-03 17:35:37'),
	(112,'五目刀削麺',7,'',NULL,'',0,1,0,898,'刃削麺,麺,中国',0,'2014-11-03 17:35:55','2014-11-03 17:35:55'),
	(113,'角煮油撥刀削麺',7,'',NULL,'',0,1,0,898,'刃削麺,麺,中国',0,'2014-11-03 17:36:14','2014-11-03 17:36:14'),
	(114,'肉味噌刀削麺',7,'',NULL,'',0,1,0,898,'刃削麺,麺,中国',0,'2014-11-03 17:36:30','2014-11-03 17:36:30'),
	(115,'麻婆豆腐刀削麺',7,'',NULL,'',0,1,0,898,'刃削麺,麺,中国',0,'2014-11-03 17:36:48','2014-11-03 17:36:48'),
	(116,'五目あんがけ焼きそば',7,'',NULL,'',0,1,0,898,'焼きそば,麺,日本',0,'2014-11-03 17:37:12','2014-11-03 17:37:12'),
	(117,'海鮮塩あんがけ焼きそば',7,'',NULL,'',0,1,0,898,'焼きそば,麺,日本',0,'2014-11-03 17:37:38','2014-11-03 17:37:38'),
	(118,'桜エビ焼きビーフン',7,'',NULL,'',0,1,0,898,'焼きそば,麺,日本',0,'2014-11-03 17:38:06','2014-11-03 17:38:06'),
	(119,'焼豚＆高菜炒飯',7,'',NULL,'',0,1,0,898,'チャーハン,米,日本,中国',0,'2014-11-03 17:38:31','2014-11-03 17:38:31'),
	(120,'フカヒレあんがけ炒飯',7,'',NULL,'',0,1,0,898,'チャーハン,米,日本,中国',0,'2014-11-03 17:38:53','2014-11-03 17:38:53'),
	(121,'角煮入り野菜たっぷり炒飯',7,'',NULL,'',0,1,0,898,'チャーハン,米,日本,中国',0,'2014-11-03 17:39:11','2014-11-03 17:39:11'),
	(122,'タイの日替りランチ',8,'スープ・ミニサラダ・デザート付き',NULL,'',1,1,0,880,'日替り定食,米,日替り,日本,タイ',0,'2014-11-03 17:39:50','2014-11-03 17:40:04'),
	(123,'名物！！総州古白鶏のタイ釜飯',8,'スープ・ミニサラダ・デザート付き',NULL,'',1,1,0,900,'釜飯,丼,米,タイ',0,'2014-11-03 17:40:56','2014-11-03 17:41:13'),
	(124,'豚挽き肉のガパオ炒めご飯フライドエッグのせ',8,'スープ・ミニサラダ・デザート付き',NULL,'',1,1,0,880,'ガパオ,野菜炒め,タイ',0,'2014-11-03 17:41:45','2014-11-03 17:41:45'),
	(125,'特製グリーンカレー',8,'スープ・ミニサラダ・デザート付き','/img/uploaded/20141106/th_IMG_848814152027409270.jpg','',1,1,0,900,'グリーンカレー,タイカレー,カレー,タイ',0,'2014-11-03 17:42:21','2014-11-06 00:52:20'),
	(126,'タイの焼きビーフン',8,'スープ・ミニサラダ・デザート付き',NULL,'',1,1,0,880,'パッタイ,麺,焼きそば,タイ',0,'2014-11-03 17:42:48','2014-11-03 17:42:48'),
	(127,'タイのしょう油汁そば',8,'スープ・ミニサラダ・デザート付き',NULL,'',1,1,0,880,'スープ,タイ,麺',0,'2014-11-03 17:43:26','2014-11-03 17:43:51'),
	(128,'激辛トムヤム汁そば',8,'','/img/uploaded/20141106/th_IMG_84851415202782501.jpg','',1,1,0,880,'ラーメン,トムヤムクン,タイ',0,'2014-11-03 17:44:21','2014-11-06 00:53:02'),
	(129,'グリーンカレーラーメン',8,'スープ・ミニサラダ・デザート付き',NULL,'',1,1,0,900,'グリーンカレー,タイカレー,カレー,タイ',0,'2014-11-03 17:46:09','2014-11-03 17:46:09'),
	(130,'じっくり煮込んだビーフカレー',9,'',NULL,'ランチセットは1000円でスープ＋コーヒーor紅茶',0,1,1,820,'カレーライス,洋食,カレー,日本',0,'2014-11-03 17:47:09','2014-11-03 17:47:09'),
	(131,'野菜たっぷりベジタブルカレー',9,'','/img/uploaded/20141105/th_IMG_765614151896746325.jpg','ランチセットは1000円でスープ＋コーヒーor紅茶',0,1,1,820,'カレーライス,洋食,カレー,日本',0,'2014-11-03 17:47:45','2014-11-05 21:14:34'),
	(132,'若鶏のチキンカレー',9,'',NULL,'ランチセットは1000円でスープ＋コーヒーor紅茶',0,1,1,820,'カレーライス,洋食,カレー,日本',0,'2014-11-03 17:48:14','2014-11-03 17:48:14'),
	(133,'黒豚ロースのカツカレー',9,'','/img/uploaded/20141105/th_IMG_765914151896192325.jpg','ランチセットは1150円でスープ＋コーヒーor紅茶',0,1,1,950,'カレーライス,洋食,カレー,日本',0,'2014-11-03 17:48:46','2014-11-05 21:13:39'),
	(134,'砦らぁめん',10,'','/img/uploaded/20141108/th_IMG_884914154558541555.jpg','',0,1,1,720,'豚骨ラーメン,ラーメン,麺,日本',0,'2014-11-03 17:49:10','2014-11-08 23:12:14'),
	(135,'肉もやしらぁめん',10,'',NULL,'',0,1,1,880,'豚骨ラーメン,ラーメン,麺,日本',0,'2014-11-03 17:49:31','2014-11-03 17:49:31'),
	(136,'のりと半熟玉子らぁめん',10,'','/img/uploaded/20141104/th_IMG_769014150278099895.jpg','',0,1,1,880,'豚骨ラーメン,ラーメン,麺,日本',0,'2014-11-03 17:49:52','2014-11-04 00:16:49'),
	(137,'肉増しらぁめん',10,'',NULL,'',0,1,1,930,'豚骨ラーメン,ラーメン,麺,日本',0,'2014-11-03 17:50:14','2014-11-03 17:50:14'),
	(138,'和だしつけ麺',10,'',NULL,'',0,1,1,900,'つけ麺,ラーメン,麺,日本',0,'2014-11-03 17:50:35','2014-11-03 17:50:35'),
	(139,'ゆず辛つけ麺',10,'','/img/uploaded/20141103/th_IMG_768814150253847298.jpg','',0,1,1,1000,'つけ麺,ラーメン,麺,日本',0,'2014-11-03 17:50:50','2014-11-03 23:36:24'),
	(140,'ハンバーガー',12,'',NULL,'サラダ・ポテト・ドリンク別',0,1,1,900,'ハンバーガー,肉料理,パン,アメリカ',0,'2014-11-03 17:52:02','2014-11-03 17:52:02'),
	(141,'チーズバーガー',12,'',NULL,'サラダ・ポテト・ドリンク別',0,1,1,1050,'ハンバーガー,肉料理,パン,アメリカ',0,'2014-11-03 17:52:02','2014-11-03 17:52:02'),
	(142,'ベーコンチーズバーガー',12,'',NULL,'サラダ・ポテト・ドリンク別',0,1,1,1200,'ハンバーガー,肉料理,パン,アメリカ',0,'2014-11-03 17:52:02','2014-11-03 17:52:02'),
	(143,'エッグバーガー',12,'',NULL,'サラダ・ポテト・ドリンク別',0,1,1,1050,'ハンバーガー,肉料理,パン,アメリカ',0,'2014-11-03 17:52:02','2014-11-03 17:52:02'),
	(144,'エッグベーコンバーガー',12,'','/img/uploaded/20141106/th_IMG_843314152026368700.jpg','サラダ・ポテト・ドリンク別',0,1,1,1200,'ハンバーガー,肉料理,パン,アメリカ',0,'2014-11-03 17:52:02','2014-11-06 00:50:36'),
	(145,'アボカドバーガー',12,'','/img/uploaded/20141106/th_IMG_843114152025906509.jpg','サラダ・ポテト・ドリンク別',0,1,1,1200,'ハンバーガー,肉料理,パン,アメリカ',0,'2014-11-03 17:52:02','2014-11-06 00:49:50'),
	(146,'アボカドチーズバーガー',12,'',NULL,'サラダ・ポテト・ドリンク別',0,1,1,1350,'ハンバーガー,肉料理,パン,アメリカ',0,'2014-11-03 17:52:02','2014-11-03 17:52:02'),
	(147,'ダブルバーガー',12,'',NULL,'サラダ・ポテト・ドリンク別',0,1,1,1300,'ハンバーガー,肉料理,パン,アメリカ',0,'2014-11-03 17:52:02','2014-11-03 17:52:02'),
	(148,'ダブルチーズバーガー',12,'',NULL,'サラダ・ポテト・ドリンク別',0,1,1,1650,'ハンバーガー,肉料理,パン,アメリカ',0,'2014-11-03 17:52:02','2014-11-03 17:52:02'),
	(149,'フィッシュバーガー',12,'',NULL,'サラダ・ポテト・ドリンク別',0,1,1,980,'ハンバーガー,肉料理,パン,アメリカ',0,'2014-11-03 17:52:02','2014-11-03 17:52:02'),
	(150,'本日の日替りカレー',14,'ナンorサフランライス・サラダ・ドリンク付き',NULL,'辛さ2',1,1,0,950,'インドカレー,カレー,インド',0,'2014-11-03 17:56:01','2014-11-03 17:56:01'),
	(151,'キーマエッグカレー',14,'ナンorサフランライス・サラダ・ドリンク付き',NULL,'辛さ2',1,1,0,950,'キーマカレー,インドカレー,カレー,インド',0,'2014-11-03 17:56:47','2014-11-03 17:56:47'),
	(152,'チキンカレー',14,'ナンorサフランライス・サラダ・ドリンク付き',NULL,'辛さ2',1,1,0,950,'バターチキンカレー,インドカレー,カレー,インド',0,'2014-11-03 17:57:26','2014-11-03 17:57:26'),
	(153,'野菜カレー',14,'ナンorサフランライス・サラダ・ドリンク付き',NULL,'辛さ1',1,1,0,980,'インドカレー,カレー,インド',0,'2014-11-03 17:58:10','2014-11-03 17:58:10'),
	(154,'マトンカレー',14,'ナンorサフランライス・サラダ・ドリンク付き',NULL,'辛さ2',1,1,0,980,'マトンカレー,インドカレー,カレー,インド',0,'2014-11-03 17:58:46','2014-11-03 17:58:46'),
	(155,'サグチキンカレー',14,'ナンorサフランライス・サラダ・ドリンク付き',NULL,'辛さ1',1,1,0,980,'サグカレー,インドカレー,カレー,インド',0,'2014-11-03 17:59:28','2014-11-03 17:59:28'),
	(156,'ミックスシーフードカレー',14,'ナンorサフランライス・サラダ・ドリンク付き',NULL,'辛さ1',1,1,0,980,'インドカレー,カレー,インド',0,'2014-11-03 18:00:01','2014-11-03 18:00:01'),
	(157,'牛肉刀削麺',15,'',NULL,'+150円で回鍋肉丼or半炒飯or天津丼or小籠包セット',0,1,0,850,'刃削麺,麺,中国',0,'2014-11-03 18:00:36','2014-11-03 18:00:36'),
	(158,'麻辣刀削麺',15,'',NULL,'+150円で回鍋肉丼or半炒飯or天津丼or小籠包セット',0,1,0,700,'刃削麺,麺,中国',0,'2014-11-03 18:00:36','2014-11-03 18:00:36'),
	(159,'担々刀削麺',15,'',NULL,'+150円で回鍋肉丼or半炒飯or天津丼or小籠包セット',0,1,0,700,'刃削麺,麺,中国',0,'2014-11-03 18:00:36','2014-11-03 18:00:36'),
	(160,'葱油叉焼刀削麺',15,'',NULL,'+150円で回鍋肉丼or半炒飯or天津丼or小籠包セット',0,1,0,700,'刃削麺,麺,中国',0,'2014-11-03 18:00:36','2014-11-03 18:00:36'),
	(161,'ユーボ麺',15,'',NULL,'+150円で回鍋肉丼or半炒飯or天津丼or小籠包セット',0,1,0,850,'刃削麺,麺,中国',0,'2014-11-03 18:00:36','2014-11-03 18:00:36'),
	(162,'ドラゴン純豆腐',17,'豆腐、卵、あさり、豚バラ、ネギ、エビ、イカ、ホタテ、鶏肉、つみれ(名古屋コーチン)、明太子',NULL,'',0,1,1,1250,'スンドゥブ,鍋,韓国',0,'2014-11-03 18:03:15','2014-11-03 18:03:15'),
	(163,'チーズ純豆腐',17,'豆腐、卵、あさり、豚バラ、ネギ、ミックスチーズ',NULL,'',0,1,1,1000,'スンドゥブ,鍋,韓国',0,'2014-11-03 18:03:57','2014-11-03 18:03:57'),
	(164,'地鶏つみれ純豆腐',17,'豆腐、卵、あさり、豚バラ、ネギ、つみれ(名古屋コーチン)',NULL,'',0,1,1,1100,'スンドゥブ,鍋,韓国',0,'2014-11-03 18:04:36','2014-11-03 18:04:36'),
	(165,'黒豚キムチ純豆腐',17,'豆腐、卵、あさり、豚バラ、ネギ、キムチ、鹿児島産黒豚','/img/uploaded/20141106/th_IMG_882814152046997746.jpg','',0,1,1,1100,'スンドゥブ,鍋,韓国',0,'2014-11-03 18:05:20','2014-11-06 01:24:59'),
	(166,'水餃子純豆腐',17,'豆腐、卵、あさり、豚バラ、ネギ、水餃子','/img/uploaded/20141106/th_IMG_882714152047148397.jpg','',0,1,1,1050,'スンドゥブ,鍋,韓国',0,'2014-11-03 18:05:57','2014-11-06 01:25:14'),
	(167,'トマト純豆腐',17,'豆腐、卵、あさり、豚バラ、ネギ、トマト',NULL,'',0,1,1,950,'スンドゥブ,鍋,韓国',0,'2014-11-03 18:06:28','2014-11-03 18:06:28'),
	(168,'きつね純豆腐',17,'豆腐、卵、あさり、豚バラ、ネギ、油揚げ',NULL,'',0,1,1,950,'スンドゥブ,鍋,韓国',0,'2014-11-03 18:06:59','2014-11-03 18:06:59'),
	(169,'ホワイト純豆腐',17,'豆腐、あさり、鶏肉、ネギ、プゴク',NULL,'',0,1,1,1000,'スンドゥブ,鍋,韓国',0,'2014-11-03 18:07:34','2014-11-03 18:07:34'),
	(170,'牛スジ純豆腐',17,'豆腐、卵、あさり、豚バラ、ネギ、牛スジ',NULL,'',0,1,1,1050,'スンドゥブ,鍋,韓国',0,'2014-11-03 18:08:10','2014-11-03 18:08:10'),
	(171,'明太子純豆腐',17,'豆腐、卵、あさり、豚バラ、ネギ、明太子',NULL,'',0,1,1,1000,'スンドゥブ,鍋,韓国',0,'2014-11-03 18:08:40','2014-11-03 18:08:40'),
	(172,'納豆純豆腐',17,'豆腐、卵、あさり、豚バラ、ネギ、納豆',NULL,'',0,1,1,1000,'スンドゥブ,鍋,韓国',0,'2014-11-03 18:09:10','2014-11-03 18:09:10'),
	(173,'鶏純豆腐',17,'豆腐、卵、あさり、豚バラ、ネギ、鶏肉(美桜鶏)',NULL,'',0,1,1,1050,'スンドゥブ,鍋,韓国',0,'2014-11-03 18:09:39','2014-11-03 18:09:39'),
	(174,'3種のキノコ純豆腐',17,'豆腐、卵、あさり、豚バラ、ネギ、エリンギ、舞茸、シメジ',NULL,'',0,1,1,1100,'スンドゥブ,鍋,韓国',0,'2014-11-03 18:10:08','2014-11-03 18:10:08'),
	(175,'モチ明太チーズ純豆腐',17,'豆腐、卵、あさり、豚バラ、ネギ、餅、明太子、チーズ',NULL,'',0,1,1,1150,'スンドゥブ,鍋,韓国',0,'2014-11-03 18:10:35','2014-11-03 18:10:35'),
	(176,'海鮮純豆腐',17,'豆腐、卵、あさり、豚バラ、ネギ、エビ、ホタテ、イカ',NULL,'',0,1,1,1150,'スンドゥブ,鍋,韓国',0,'2014-11-03 18:11:04','2014-11-03 18:11:04'),
	(177,'日式・汁なし担々麺',18,'香家オリジナル担々麺。ピリ辛の肉味噌と、当店オリジナルのちぢれ麺にたっぷり絡んだ独特の胡麻の風味がベストマッチ！','/img/uploaded/20141106/th_IMG_100514152005679120.jpg','ハーフ麺のレディースセットもあり',1,1,0,980,'担々麺,ラーメン,麺,日本,中国',0,'2014-11-03 18:11:49','2014-11-06 00:16:07'),
	(178,'麻辣汁なし担々麺',18,'八角などの本格スパイスをたっぷり使ったスパイシーな汁なし担々麺。',NULL,'ハーフ麺のレディースセットもあり',1,1,0,980,'担々麺,ラーメン,麺,日本,中国',0,'2014-11-03 18:12:19','2014-11-03 18:12:19'),
	(179,'姫・担々麺',18,'鬼・担々麺より辛さはひかえめ。コクのある胡麻の風味豊かな味わい担々麺。',NULL,'ハーフ麺のレディースセットもあり',1,1,0,980,'担々麺,ラーメン,麺,日本,中国',0,'2014-11-03 18:12:51','2014-11-03 18:12:51'),
	(180,'鬼・担々麺',18,'これぞ本格の味！',NULL,'ハーフ麺のレディースセットもあり',1,1,0,980,'担々麺,ラーメン,麺,日本,中国',0,'2014-11-03 18:13:18','2014-11-03 18:13:18'),
	(181,'青鬼・担々麺',18,'さわやかな香りの山椒をたっぷり仕様しました。',NULL,'ハーフ麺のレディースセットもあり',1,1,0,980,'担々麺,ラーメン,麺,日本,中国',0,'2014-11-03 18:13:46','2014-11-03 18:13:46'),
	(182,'えびわんたん麺',18,'',NULL,'ハーフ麺のレディースセットもあり',1,1,0,980,'ワンタン麺,ラーメン,麺,日本,中国',0,'2014-11-03 18:14:16','2014-11-03 18:14:16'),
	(183,'香港式あえ麺',18,'',NULL,'ハーフ麺のレディースセットもあり',1,1,0,930,'焼きそば,麺,日本',0,'2014-11-03 18:14:46','2014-11-03 18:14:46'),
	(184,'ねぎ麺',18,'たっぷりのったネギの香りと歯ごたえをお楽しみください。',NULL,'ハーフ麺のレディースセットもあり',1,1,0,880,'ラーメン,麺,日本',0,'2014-11-03 18:15:40','2014-11-03 18:16:10'),
	(185,'とり麺',18,'あっさり派の方におすすめ。',NULL,'ハーフ麺のレディースセットもあり',1,1,0,980,'ラーメン,麺,日本',0,'2014-11-03 18:16:40','2014-11-03 18:16:53'),
	(186,'俺流塩らーめん',19,'',NULL,'',0,1,1,650,'塩ラーメン,ラーメン,麺,日本',0,'2014-11-03 18:18:02','2014-11-03 18:18:02'),
	(187,'俺流熟減塩らーめん',19,'',NULL,'',0,1,1,680,'塩ラーメン,ラーメン,麺,日本',0,'2014-11-03 18:18:02','2014-11-03 18:18:02'),
	(188,'俺流辛塩らーめん',19,'',NULL,'',0,1,1,700,'塩ラーメン,ラーメン,麺,日本',0,'2014-11-03 18:18:02','2014-11-03 18:18:02'),
	(189,'俺流冷やしらーめん',19,'',NULL,'',0,1,1,780,'塩ラーメン,ラーメン,麺,日本',0,'2014-11-03 18:18:02','2014-11-03 18:18:02'),
	(190,'俺流あさりらーめん',19,'',NULL,'',0,1,1,780,'塩ラーメン,ラーメン,麺,日本',0,'2014-11-03 18:18:02','2014-11-03 18:18:02'),
	(191,'俺流やさいらーめん',19,'',NULL,'',0,1,1,780,'塩ラーメン,ラーメン,麺,日本',0,'2014-11-03 18:18:02','2014-11-03 18:18:02'),
	(192,'俺流塩つけめん',19,'',NULL,'',0,1,1,750,'つけ麺,ラーメン,麺,日本',0,'2014-11-03 18:18:02','2014-11-03 18:18:02'),
	(193,'俺流みそつけめん',19,'',NULL,'',0,1,1,780,'つけ麺,ラーメン,麺,日本',0,'2014-11-03 18:18:02','2014-11-03 18:18:02'),
	(194,'俺流冷やし中華',19,'',NULL,'',0,1,1,680,'冷やし中華,ラーメン,麺,日本',0,'2014-11-03 18:18:02','2014-11-03 18:18:02'),
	(195,'わんたんめん',20,'煮豚飯or高菜飯or麻婆飯セット',NULL,'夜は880円',1,1,1,850,'ワンタン麺,ラーメン,麺,日本,中国',0,'2014-11-03 19:44:43','2014-11-03 19:44:43'),
	(196,'海老わんたんめん',20,'煮豚飯or高菜飯or麻婆飯セット',NULL,'夜は950円',1,1,1,920,'ワンタン麺,ラーメン,麺,日本,中国',0,'2014-11-03 19:45:25','2014-11-03 19:45:25'),
	(197,'ネギ塩わんたんめん',20,'煮豚飯or高菜飯or麻婆飯セット',NULL,'夜は910円',1,1,1,880,'ワンタン麺,ラーメン,麺,日本,中国',0,'2014-11-03 19:46:00','2014-11-03 19:46:00'),
	(198,'漬湯海老わんたんめん',20,'煮豚飯or高菜飯or麻婆飯セット',NULL,'夜は950円',1,1,1,920,'ワンタン麺,ラーメン,麺,日本,中国',0,'2014-11-03 19:46:33','2014-11-03 19:46:33'),
	(199,'わんたん',20,'',NULL,'夜は800円',0,1,1,780,'ワンタン,麺,中国',0,'2014-11-03 19:47:04','2014-11-03 19:47:04'),
	(200,'マルゲリータ',21,'トマトソース、モッツァレラチーズ、バジル',NULL,'その他トッピング',0,1,1,1000,'ピザ,イタリア',0,'2014-11-03 19:47:50','2014-11-03 19:47:50'),
	(201,'マリナーラ',21,'トマトソース、バジリコ、ガーリック、オレガノ',NULL,'その他トッピング',0,1,1,1000,'ピザ,イタリア',0,'2014-11-03 19:47:50','2014-11-03 19:47:50'),
	(202,'マルゲリータ アッラ コッカ',21,'トマトソース、モッツァレラチーズ、バジル、タマゴ',NULL,'その他トッピング',0,1,1,1000,'ピザ,イタリア',0,'2014-11-03 19:47:50','2014-11-03 19:47:50'),
	(203,'マルゲリータ アル トンノ',21,'トマトソース、モッツァレラチーズ、バジル、ツナ',NULL,'その他トッピング',0,1,1,1000,'ピザ,イタリア',0,'2014-11-03 19:47:50','2014-11-03 19:47:50'),
	(204,'マルゲリータ コン フンギ',21,'トマトソース、モッツァレラチーズ、バジル、キノコ',NULL,'その他トッピング',0,1,1,1000,'ピザ,イタリア',0,'2014-11-03 19:47:50','2014-11-03 19:47:50'),
	(205,'マルゲリータ コン マイス',21,'トマトソース、モッツァレラチーズ、バジル、コーン',NULL,'その他トッピング',0,1,1,1000,'ピザ,イタリア',0,'2014-11-03 19:47:50','2014-11-03 19:47:50'),
	(206,'マルゲリータ',22,'看板ピッツァ',NULL,'',0,1,1,500,'ピザ,イタリア',0,'2014-11-03 19:50:14','2014-11-03 19:50:14'),
	(207,'ジェノベーゼ',22,'バジルソースたっぷり',NULL,'',0,1,1,500,'ピザ,イタリア',0,'2014-11-03 19:50:14','2014-11-03 19:50:14'),
	(208,'マリナーラ',22,'ガーリックが香ばしい',NULL,'',0,1,1,500,'ピザ,イタリア',0,'2014-11-03 19:50:14','2014-11-03 19:50:14'),
	(209,'ナポレターノ',22,'アンチョビ',NULL,'',0,1,1,500,'ピザ,イタリア',0,'2014-11-03 19:50:14','2014-11-03 19:50:14'),
	(210,'プリマベーラ',22,'野菜たっぷり',NULL,'',0,1,1,650,'ピザ,イタリア',0,'2014-11-03 19:50:14','2014-11-03 19:50:14'),
	(211,'ビスマルク',22,'半熟卵とアスパラ',NULL,'',0,1,1,650,'ピザ,イタリア',0,'2014-11-03 19:50:14','2014-11-03 19:50:14'),
	(212,'ゴルゴンゾーラ',22,'3種のチーズ',NULL,'',0,1,1,700,'ピザ,イタリア',0,'2014-11-03 19:50:14','2014-11-03 19:50:14'),
	(213,'トロピカル',22,'生ハム＆マンゴー',NULL,'',0,1,1,700,'ピザ,イタリア',0,'2014-11-03 19:50:14','2014-11-03 19:50:14'),
	(214,'鶏ラーメン',23,'こってりコラーゲン豊富な鶏白湯スープと極細麺',NULL,'',0,1,1,500,'塩ラーメン,ラーメン,麺,日本',0,'2014-11-03 19:52:55','2014-11-03 19:52:55'),
	(215,'鶏しょうゆラーメン',23,'あっさり、鶏漬湯スープと甘しょう油たれと細麺',NULL,'',0,1,1,500,'醤油ラーメン,ラーメン,麺,日本',0,'2014-11-03 19:53:25','2014-11-03 19:53:25'),
	(216,'元祖拌麺',23,'旨味のつまった濃厚醤油たれと香味油を麺とよく混ぜて',NULL,'',0,1,1,500,'焼きそば,麺,日本',0,'2014-11-03 19:53:57','2014-11-03 19:53:57'),
	(217,'タンメン',23,'野菜たっぷり、ボリューム満天！鶏塩スープと極太麺',NULL,'',0,1,1,800,'タンメン,ラーメン,麺,中国',0,'2014-11-03 19:54:27','2014-11-03 19:54:27'),
	(218,'月見カレー',23,'鶏スープにスパイスを効かせた甘辛ルーに卵黄をのせて',NULL,'',0,1,1,500,'カレーライス,洋食,カレー,日本',0,'2014-11-03 19:55:02','2014-11-03 19:55:02'),
	(219,'太麺',24,'',NULL,'+100, +200, +300のランチセットあり',0,1,1,650,'和風出汁ラーメン,ラーメン,麺,日本',0,'2014-11-03 19:55:55','2014-11-03 19:55:55'),
	(220,'細麺',24,'',NULL,'+100, +200, +300のランチセットあり',0,1,1,650,'和風出汁ラーメン,ラーメン,麺,日本',0,'2014-11-03 19:55:55','2014-11-03 19:55:55'),
	(221,'海老ラー油の赤辣麺',24,'',NULL,'+100, +200, +300のランチセットあり',0,1,1,800,'和風出汁ラーメン,ラーメン,麺,日本',0,'2014-11-03 19:55:55','2014-11-03 19:55:55'),
	(222,'つけ麺',24,'',NULL,'',0,1,1,800,'つけ麺,ラーメン,麺,日本',0,'2014-11-03 19:57:53','2014-11-03 19:57:53'),
	(223,'ナポリタン',25,'玉ねぎ・ピーマン・マッシュルーム・ウィンナー・トマトケチャップ',NULL,'100g増+150円、300g増+300円',0,1,1,680,'ナポリタン,パスタ,日本',0,'2014-11-03 21:51:14','2014-11-03 21:51:14'),
	(224,'アラビアータ',25,'玉ねぎ・マッシュルーム・ベーコン・ブロッコリー・ツナ・ピリ辛トマトソース',NULL,'100g増+150円、300g増+300円',0,1,1,680,'アラビアータ,パスタ,イタリア',0,'2014-11-03 21:52:04','2014-11-03 21:52:04'),
	(225,'醤油バジリコ',25,'玉ねぎ・ピーマン・マッシュルーム・ベーコン・海老・大葉・トマト・ガーリック醤油',NULL,'100g増+150円、300g増+300円',0,1,1,680,'和風パスタ,パスタ,日本',0,'2014-11-03 21:52:50','2014-11-03 21:52:50'),
	(226,'塩バジリコ',25,'玉ねぎ・ピーマン・マッシュルーム・ベーコン・海老・トマト・バジル・塩タレ',NULL,'100g増+150円、300g増+300円',0,1,1,680,'和風パスタ,パスタ,日本',0,'2014-11-03 21:52:50','2014-11-03 21:52:50'),
	(227,'たらこクリーム',25,'玉ねぎ・海老・大葉・のり・たらこクリーム',NULL,'100g増+150円、300g増+300円',0,1,1,680,'和風パスタ,パスタ,日本',0,'2014-11-03 21:52:50','2014-11-03 21:52:50'),
	(228,'きのこバター',25,'玉ねぎ・椎茸・しめじ・ひら茸・マッシュルーム・ベーコン・ほうれん草・醤油タレ・メンテルバター',NULL,'100g増+150円、300g増+300円',0,1,1,680,'和風パスタ,パスタ,日本',0,'2014-11-03 21:52:50','2014-11-03 21:52:50'),
	(229,'みそミート',25,'玉ねぎ・ニラ・キャベツ・長ネギ・白ゴマ・甘辛肉味噌',NULL,'100g増+150円、300g増+300円',0,1,1,680,'和風パスタ,パスタ,日本',0,'2014-11-03 21:52:50','2014-11-03 21:52:50'),
	(230,'カレーミート',25,'玉ねぎ・ピーマン・じゃがいも・トマト・キーマカレー',NULL,'100g増+150円、300g増+300円',0,1,1,680,'和風パスタ,パスタ,日本',0,'2014-11-03 21:52:50','2014-11-03 21:52:50'),
	(231,'鯖の塩焼定食',26,'',NULL,'ご飯おかわり無料',1,1,1,900,'焼き魚,魚料理,日本',0,'2014-11-03 21:55:19','2014-11-03 21:55:19'),
	(232,'大海老フライ定食',26,'',NULL,'ご飯おかわり無料',1,1,1,1150,'エビフライ,洋食,日本',0,'2014-11-03 21:56:03','2014-11-03 21:56:03'),
	(233,'牡蠣フライ定食',26,'',NULL,'ご飯おかわり無料',1,1,1,1030,'フライ魚,魚料理,日本',0,'2014-11-03 21:56:41','2014-11-03 21:56:41'),
	(234,'サーモンのフライ定食',26,'',NULL,'ご飯おかわり無料',1,1,1,880,'フライ魚,魚料理,日本',0,'2014-11-03 21:57:14','2014-11-03 21:57:14'),
	(235,'カジキマグロのフライ定食',26,'',NULL,'ご飯おかわり無料',1,1,1,930,'フライ魚,魚料理,日本',0,'2014-11-03 21:57:49','2014-11-03 21:57:49'),
	(236,'チキン南蛮定食',26,'',NULL,'ご飯おかわり無料',1,1,1,980,'チキン南蛮,洋食,肉料理,日本',0,'2014-11-03 21:58:19','2014-11-03 21:58:19'),
	(237,'若鶏の唐揚げ定食',26,'',NULL,'ご飯おかわり無料',1,1,1,900,'唐揚げ,洋食,肉料理,日本',0,'2014-11-03 21:58:58','2014-11-03 21:58:58'),
	(238,'チキンカツ定食',26,'',NULL,'ご飯おかわり無料',1,1,1,1030,'トンカツ,洋食,肉料理,日本',0,'2014-11-03 21:59:32','2014-11-03 21:59:32'),
	(239,'若鶏と野菜のトマト煮混み定食',26,'',NULL,'ご飯おかわり無料',1,1,1,930,'唐揚げ,洋食,肉料理,日本',0,'2014-11-03 22:00:05','2014-11-03 22:00:05'),
	(240,'若鶏と野菜の黒酢炒めて移植',26,'',NULL,'ご飯おかわり無料',1,1,1,860,'唐揚げ,洋食,肉料理,日本',0,'2014-11-03 22:00:35','2014-11-03 22:00:35'),
	(241,'塩らーめん',28,'',NULL,'',0,1,1,750,'塩ラーメン,ラーメン,麺,日本',0,'2014-11-03 22:01:01','2014-11-03 22:01:01'),
	(242,'ゆず塩麺',28,'',NULL,'',0,1,1,850,'塩ラーメン,ラーメン,麺,日本',0,'2014-11-03 22:01:43','2014-11-03 22:01:43'),
	(243,'紅塩麺',28,'',NULL,'',0,1,1,880,'塩ラーメン,ラーメン,麺,日本',0,'2014-11-03 22:02:06','2014-11-03 22:02:06'),
	(244,'醤油らーめん',28,'',NULL,'',0,1,1,750,'醤油ラーメン,ラーメン,麺,日本',0,'2014-11-03 22:02:30','2014-11-03 22:02:30'),
	(245,'ゆず醤油麺',28,'',NULL,'',0,1,1,850,'醤油ラーメン,ラーメン,麺,日本',0,'2014-11-03 22:03:11','2014-11-03 22:03:11'),
	(246,'紅醤油麺',28,'',NULL,'',0,1,1,880,'醤油ラーメン,ラーメン,麺,日本',0,'2014-11-03 22:03:44','2014-11-03 22:03:44'),
	(247,'甘露つけ麺',28,'',NULL,'',0,1,1,750,'つけ麺,ラーメン,麺,日本',0,'2014-11-03 22:04:12','2014-11-03 22:04:12'),
	(248,'柚子露つけ麺',28,'',NULL,'',0,1,1,850,'つけ麺,ラーメン,麺,日本',0,'2014-11-03 22:04:38','2014-11-03 22:04:38'),
	(249,'辛露つけ麺',28,'',NULL,'',0,1,1,880,'つけ麺,ラーメン,麺,日本',0,'2014-11-03 22:05:31','2014-11-03 22:05:31'),
	(250,'スパイシーチキンと玉子のせご飯',29,'スープ付き',NULL,'',1,1,0,900,'ガパオ,野菜炒め,タイ',0,'2014-11-03 22:06:21','2014-11-03 22:06:21'),
	(251,'タイ風焼きビーフン',29,'スープ付き',NULL,'',1,1,0,850,'パッタイ,麺,焼きそば,タイ',0,'2014-11-03 22:07:11','2014-11-03 22:07:11'),
	(252,'タイ風鶏肉のグリーンカレー',29,'スープ付き',NULL,'',1,1,0,850,'グリーンカレー,タイカレー,カレー,タイ',0,'2014-11-03 22:07:47','2014-11-03 22:07:47'),
	(253,'タイ風鶏肉ラーメンビーフン麺',29,'小チャーハン付き',NULL,'',1,1,0,850,'麺,中国',0,'2014-11-03 22:08:29','2014-11-03 22:08:29'),
	(254,'タイ風鶏肉ラーメン',29,'小チャーハン付き',NULL,'',1,1,0,880,'麺,中国',0,'2014-11-03 22:09:00','2014-11-03 22:09:00'),
	(255,'トムヤムクンラーメンビーフン麺',29,'小チャーハン付き',NULL,'',1,1,0,850,'トムヤムラーメン,トムヤムクン,ラーメン,タイ',0,'2014-11-03 22:09:31','2014-11-03 22:09:31'),
	(256,'トムヤムクンラーメン',29,'小チャーハン付き',NULL,'',1,1,0,880,'トムヤムラーメン,トムヤムクン,ラーメン,タイ',0,'2014-11-03 22:10:08','2014-11-03 22:10:08'),
	(257,'タイ風蒸し鶏とご飯',29,'スープ付き',NULL,'',1,1,0,900,'カオマンガイ,肉料理,タイ',0,'2014-11-03 22:10:38','2014-11-03 22:10:38'),
	(258,'名物三元豚のトンテキ',31,'約200gのBIGな三元豚の肩ロース肉を、独自の製法でしっとりと柔らかく焼き上げる、ランチ限定のポークステーキです。',NULL,'ライス・スープ付き',1,1,0,980,'ステーキ,洋食,肉料理,日本,アメリカ',0,'2014-11-03 22:11:18','2014-11-03 22:11:18'),
	(259,'チキンのトマト煮',31,'鶏のもも肉約200gを、完熟トマトでつくった特製トマトソースでじっくり柔らかく煮込みました。',NULL,'ライス・スープ付き',1,1,0,980,'ステーキ,洋食,肉料理,日本,アメリカ',0,'2014-11-03 22:11:55','2014-11-03 22:11:55'),
	(260,'ビーフストロガノフ',31,'上質な特選牛肉をワインとトマト、生クリームで煮込んだ、当店特製のビーフストロガノフです。牛肉もどっさりと約150g',NULL,'ライス・スープ付き',1,1,0,980,'ビーフシチュー,洋食,肉料理,日本',0,'2014-11-03 22:13:22','2014-11-03 22:13:22'),
	(261,'オムジャワカレー',31,'数十種類のスパイスと香味野菜をじっくり煮込んでスパイシーに仕上げたカレーソースに半熟のオムレツを乗せました。',NULL,'ライス・スープ付き',1,1,0,900,'カレーライス,洋食,カレー,日本',0,'2014-11-03 22:14:02','2014-11-03 22:14:02'),
	(262,'かくらカレー',32,'','/img/uploaded/20141106/th_IMG_528814152049075030.jpg','トッピング多数',1,1,0,1000,'カレーライス,洋食,カレー,日本',0,'2014-11-03 22:14:47','2014-11-06 01:28:27'),
	(263,'黒カレー',32,'',NULL,'トッピング多数',1,1,0,1200,'カレーライス,洋食,カレー,日本',0,'2014-11-03 22:15:21','2014-11-03 22:15:21'),
	(264,'美肌カレー',32,'',NULL,'トッピング多数',1,1,0,1200,'カレーライス,洋食,カレー,日本',0,'2014-11-03 22:15:57','2014-11-03 22:15:57'),
	(265,'ベジカレー',32,'',NULL,'トッピング多数',1,1,0,1300,'カレーライス,洋食,カレー,日本',0,'2014-11-03 22:16:35','2014-11-03 22:16:35'),
	(266,'ハーフ＆ハーフカレー',32,'',NULL,'トッピング多数',1,1,0,1400,'カレーライス,洋食,カレー,日本',0,'2014-11-03 22:17:04','2014-11-03 22:17:04'),
	(267,'スンドゥブチゲ',37,'','/img/uploaded/20141106/th_IMG_874614152034067156.jpg','',1,1,0,900,'スンドゥブ,鍋,韓国',0,'2014-11-06 01:02:17','2014-11-06 01:03:26'),
	(268,'キムチチゲ',37,'','/img/uploaded/20141106/th_IMG_874114152034202429.jpg','',1,1,0,900,'キムチチゲ,鍋,韓国',0,'2014-11-06 01:02:51','2014-11-06 01:03:40'),
	(269,'サムゲタンセット',37,'',NULL,'',1,1,0,980,'サムゲタン,鍋,韓国',0,'2014-11-06 01:06:35','2014-11-06 01:06:35'),
	(270,'石焼ビビンバ',37,'',NULL,'',1,1,0,800,'ビビンバ,米,韓国',0,'2014-11-06 01:07:16','2014-11-06 01:07:16'),
	(271,'特製！石焼キムチビビンバ',37,'',NULL,'',1,1,0,900,'ビビンバ,米,韓国',0,'2014-11-06 01:07:54','2014-11-06 01:07:54'),
	(272,'石焼ダッカルビ丼',37,'',NULL,'',1,1,0,800,'肉料理',0,'2014-11-06 01:09:41','2014-11-06 01:09:41'),
	(273,'ビビンバ',37,'',NULL,'',1,1,0,750,'ビビンバ,米,韓国',0,'2014-11-06 01:10:14','2014-11-06 01:10:14'),
	(274,'プルコギサラダ丼',37,'',NULL,'',1,1,0,900,'プルコギ,丼,韓国,肉料理',0,'2014-11-06 01:10:48','2014-11-06 01:21:00'),
	(275,'石焼カルビ丼',37,'',NULL,'',1,1,0,980,'カルビ,肉料理,韓国',0,'2014-11-06 01:11:17','2014-11-06 01:21:19'),
	(276,'ユッケジャンスープ',37,'',NULL,'',1,1,0,800,'ユッケジャン,鍋,韓国',0,'2014-11-06 01:12:22','2014-11-06 01:12:22'),
	(277,'カルビタンスープ',37,'',NULL,'',1,1,0,800,'肉料理',0,'2014-11-06 01:13:32','2014-11-06 01:13:32'),
	(278,'春雨ご飯',37,'',NULL,'',1,1,0,750,'丼',0,'2014-11-06 01:14:24','2014-11-06 01:14:24'),
	(279,'バルガン麺',37,'',NULL,'',1,1,0,900,'うどん,麺,日本',0,'2014-11-06 01:18:07','2014-11-06 01:18:07'),
	(280,'トルネンビうどん',37,'',NULL,'',1,1,0,900,'うどん,麺,日本',0,'2014-11-06 01:18:33','2014-11-06 01:18:33'),
	(281,'イカ炒めご飯',37,'',NULL,'',1,1,0,800,'丼',0,'2014-11-06 01:19:01','2014-11-06 01:19:01'),
	(282,'冷麺',37,'',NULL,'',1,1,0,800,'冷麺,麺,日本,韓国',0,'2014-11-06 01:19:29','2014-11-06 01:19:29'),
	(283,'プルコギご飯',37,'',NULL,'',1,1,0,900,'プルコギ,肉料理,韓国',0,'2014-11-06 01:19:54','2014-11-06 01:19:54'),
	(284,'豚カルビご飯',37,'',NULL,'',1,1,0,800,'カルビ,肉料理,韓国',0,'2014-11-06 01:20:17','2014-11-06 01:20:17'),
	(285,'のり玉担々麺',10,'','/img/uploaded/20141108/th_IMG_884714154553002818.jpg','季節限定',0,1,1,1100,'担々麺,ラーメン,麺,日本,中国',0,'2014-11-08 23:01:40','2014-11-08 23:01:40'),
	(286,'チキン南蛮定食',38,'鶏もも肉を唐揚げにし、南蛮酢にくぐらせ、タルタルソースをかけた、宮崎の郷土料理です。タルタルソースが自家製なので、揚げ物なのに意外とサッパリと召し上がって頂けます。','/img/uploaded/20141110/th_IMG_20141020_13170414156277977770.jpg','',1,1,0,900,'チキン南蛮,洋食,肉料理,日本',0,'2014-11-10 22:55:03','2014-11-10 22:56:37'),
	(287,'豚生姜焼き定食',38,'豚は冷凍を使わず、生肉の包丁きりにこだわって使用しております。生姜は東京の市場には入荷しない高知県産の品種「黄金生姜」を取り寄せて使用しています。鮮烈な香り・味が素晴らしい生姜です。',NULL,'',1,1,0,900,'生姜焼き,洋食,肉料理,日本',0,'2014-11-10 23:00:57','2014-11-10 23:00:57'),
	(288,'若鶏の唐揚げ定食',39,'',NULL,'大盛り無料。おかわり+100円',1,1,0,800,'唐揚げ,洋食,肉料理,日本',0,'2014-11-10 23:02:49','2014-11-10 23:02:49'),
	(289,'豚ロースのしょうが焼き定食',39,'',NULL,'大盛り無料。おかわり+100円',1,1,0,800,'生姜焼き,洋食,肉料理,日本',0,'2014-11-10 23:03:48','2014-11-10 23:03:48'),
	(290,'チキン南蛮定食',39,'','/img/uploaded/20141110/th_IMG_20141110_13015314156282769582.jpg','大盛り無料。おかわり+100円',1,1,0,800,'チキン南蛮,洋食,肉料理,日本',0,'2014-11-10 23:04:36','2014-11-10 23:04:36'),
	(291,'若鶏竜田揚げ甘酢しょうゆ定食',39,'',NULL,'大盛り無料。おかわり+100円',1,1,0,800,'唐揚げ,洋食,肉料理,日本',0,'2014-11-10 23:05:30','2014-11-10 23:05:30'),
	(292,'コク深しょうゆ 油そば',40,'','/img/uploaded/20141118/th_IMG_909714163215729147.jpg','',0,1,0,600,'油そば,ラーメン,麺,日本',0,'2014-11-18 23:39:32','2014-11-18 23:39:32'),
	(293,'濃厚まろやか しお油そば',40,'',NULL,'',0,1,0,600,'油そば,ラーメン,麺,日本',0,'2014-11-18 23:40:17','2014-11-18 23:40:17'),
	(294,'たまねぎシャキッ トマト油そば',40,'','/img/uploaded/20141118/th_IMG_909614163216594462.jpg','',0,1,0,600,'油そば,ラーメン,麺,日本',0,'2014-11-18 23:40:59','2014-11-18 23:40:59'),
	(295,'チキンカレー',41,'',NULL,'',1,1,0,950,'インドカレー,カレー,インド',0,'2014-11-18 23:42:57','2014-11-18 23:42:57'),
	(296,'バターチキンカレー',41,'','/img/uploaded/20141118/IMG_20141118_13352914163218243153.jpg','',1,1,0,950,'バターチキンカレー,インドカレー,カレー,インド',0,'2014-11-18 23:43:44','2014-11-18 23:43:44'),
	(297,'マトンカレー',41,'','/img/uploaded/20141118/IMG_20141118_13353414163218804448.jpg','',1,1,0,950,'マトンカレー,インドカレー,カレー,インド',0,'2014-11-18 23:44:40','2014-11-18 23:44:40'),
	(298,'野菜カレー',41,'',NULL,'',1,1,0,950,'インドカレー,カレー,インド',0,'2014-11-18 23:45:36','2014-11-18 23:45:36'),
	(299,'シーフードカレー',41,'',NULL,'',1,1,0,950,'インドカレー,カレー,インド',0,'2014-11-18 23:46:06','2014-11-18 23:46:06'),
	(300,'鶏肉のバジル炒めセット',30,'','/img/uploaded/20141128/ガパオ14171829538637.jpg','単品750',1,1,0,950,'ガパオ,野菜炒め,タイ',0,'2014-11-28 22:55:53','2014-11-28 22:55:53'),
	(301,'鶏肉のグリーンカレーセット',30,'','/img/uploaded/20141128/IMG_20141125_12540114171830726082.jpg','単品750円',1,1,0,950,'グリーンカレー,タイカレー,カレー,タイ',0,'2014-11-28 22:57:52','2014-11-28 22:57:52'),
	(302,'豚肉入りチャーハンセット',30,'','/img/uploaded/20141128/チャーハン1417183184390.jpg','単品750円',1,1,0,950,'チャーハン,米,日本,タイ',0,'2014-11-28 22:59:44','2014-11-28 23:00:14'),
	(303,'海老入りやきそば',30,'','/img/uploaded/20141128/パッタイ14171833174259.jpg','単品750円',1,1,0,950,'パッタイ,麺,焼きそば,タイ',0,'2014-11-28 23:01:57','2014-11-28 23:01:57'),
	(304,'トムヤムクンラーメンセット',30,'','/img/uploaded/20141128/トムヤムラーメン14171834054713.jpg','単品800円',1,1,0,950,'トムヤムラーメン,トムヤムクン,ラーメン,タイ',0,'2014-11-28 23:03:25','2014-11-28 23:03:25'),
	(305,'豚肉入りしょうゆやきそばセット',30,'','/img/uploaded/20141128/やきそば1417183505256.jpg','単品750円',1,1,0,950,'焼きそば,麺,日本',0,'2014-11-28 23:05:05','2014-11-28 23:05:05'),
	(306,'豚肉入り野菜炒めセット',30,'','/img/uploaded/20141128/野菜炒め14171835774003.jpg','単品750円',1,1,0,950,'野菜炒め,日本',0,'2014-11-28 23:06:17','2014-11-28 23:06:17'),
	(307,'トムヤムライスヌードルセット',30,'','/img/uploaded/20141128/トムヤムライスヌードル14171836597760.jpg','単品800円',1,1,0,950,'トムヤムラーメン,トムヤムクン,ラーメン,タイ',0,'2014-11-28 23:07:39','2014-11-28 23:07:39'),
	(308,'鶏の炊き込みご飯蒸し鶏添えセット',30,'','/img/uploaded/20141128/カオマンガイ14171837725368.jpg','単品850円',1,1,0,1050,'カオマンガイ,肉料理,タイ',0,'2014-11-28 23:09:32','2014-11-28 23:09:32'),
	(309,'豚のレッドカレーセット',30,'','/img/uploaded/20141128/レッドカレー14171838303656.jpg','単品750円',1,1,0,950,'レッドカレー,タイカレー,カレー,タイ',0,'2014-11-28 23:10:30','2014-11-28 23:10:30'),
	(310,'インド風チキンカリー',42,'骨付きの鶏もも肉が入った当店の看板メニュー。まずはこれがオススメ','/img/uploaded/20141128/IMG_20141128_12585314171843484333.jpg','',1,1,0,900,'インドカレー,カレー,インド',0,'2014-11-28 23:19:08','2014-11-28 23:19:08'),
	(311,'ほうれん草のカリー',42,'チキンカレーをベースにほうれん草のペーストが入ったマイルドなカレー','/img/uploaded/20141128/ほうれん草のカレー14171844599392.jpg','',1,1,0,1000,'サグカレー,インドカレー,カレー,インド',0,'2014-11-28 23:20:59','2014-11-28 23:20:59'),
	(312,'キーマカリー',42,'スパイシーでコクのある鶏ひき肉のカレー。食べごたえあり。','/img/uploaded/20141128/キーマカレー14171845694523.jpg','',1,1,0,1000,'キーマカレー,インドカレー,カレー,インド',0,'2014-11-28 23:22:49','2014-11-28 23:22:49'),
	(313,'豚肉のカリー',42,'柔らかい角切りの豚肉入り。甘味と酸味のクセになる味わい','/img/uploaded/20141128/豚肉のカレー14171846549229.jpg','',1,1,0,1050,'日替り',0,'2014-11-28 23:24:14','2014-11-28 23:24:14'),
	(314,'ひよこ豆のベジカリー',42,'','/img/uploaded/20141128/ひよこ豆のカレー14171847847473.jpg','ホクホクとした豆の食感と生姜・トマトの効いた野菜カレー',1,1,0,1000,'インドカレー,カレー,インド',0,'2014-11-28 23:26:24','2014-11-28 23:26:24'),
	(315,'煮込みハンバーグ',42,'トマトデミグラソースで煮込んだハンバーグ。','/img/uploaded/20141128/デミグラハンバーグ14171848896337.jpg','サラダ・ライス付き',1,1,0,1050,'ハンバーグ,洋食,肉料理,日本',0,'2014-11-28 23:28:09','2014-11-28 23:28:09');

/*!40000 ALTER TABLE `menus` ENABLE KEYS */;
UNLOCK TABLES;


# テーブルのダンプ restaurant_stations
# ------------------------------------------------------------

DROP TABLE IF EXISTS `restaurant_stations`;

CREATE TABLE `restaurant_stations` (
  `id` int(11) unsigned NOT NULL AUTO_INCREMENT,
  `restaurant_id` int(11) unsigned NOT NULL,
  `station_id` int(11) unsigned NOT NULL,
  `modified` datetime DEFAULT NULL,
  `created` datetime DEFAULT NULL,
  PRIMARY KEY (`id`)
) ENGINE=InnoDB DEFAULT CHARSET=utf8;

LOCK TABLES `restaurant_stations` WRITE;
/*!40000 ALTER TABLE `restaurant_stations` DISABLE KEYS */;

INSERT INTO `restaurant_stations` (`id`, `restaurant_id`, `station_id`, `modified`, `created`)
VALUES
	(4,4,2,NULL,NULL),
	(5,4,4,NULL,NULL),
	(6,1,4,NULL,NULL),
	(7,2,2,NULL,NULL),
	(8,2,4,NULL,NULL),
	(9,3,2,NULL,NULL),
	(10,3,4,NULL,NULL),
	(11,5,2,NULL,NULL),
	(12,5,4,NULL,NULL),
	(14,6,4,NULL,NULL),
	(15,7,4,NULL,NULL),
	(16,8,4,NULL,NULL),
	(17,9,2,NULL,NULL),
	(18,9,4,NULL,NULL),
	(19,10,4,NULL,NULL),
	(20,12,2,NULL,NULL),
	(21,12,4,NULL,NULL),
	(22,13,2,NULL,NULL),
	(23,14,2,NULL,NULL),
	(24,15,2,NULL,NULL),
	(25,16,2,NULL,NULL),
	(26,17,2,NULL,NULL),
	(27,18,2,NULL,NULL),
	(28,19,2,NULL,NULL),
	(29,20,2,NULL,NULL),
	(30,21,2,NULL,NULL),
	(31,22,2,NULL,NULL),
	(32,23,2,NULL,NULL),
	(33,24,2,NULL,NULL),
	(34,25,2,NULL,NULL),
	(35,26,2,NULL,NULL),
	(36,27,2,NULL,NULL),
	(37,28,2,NULL,NULL),
	(38,29,2,NULL,NULL),
	(39,30,2,NULL,NULL),
	(40,31,2,NULL,NULL),
	(41,32,2,NULL,NULL),
	(42,33,4,NULL,NULL),
	(43,34,4,NULL,NULL),
	(44,35,4,NULL,NULL),
	(45,36,4,NULL,NULL),
	(46,37,4,NULL,NULL),
	(47,38,2,NULL,NULL),
	(48,39,1,NULL,NULL),
	(49,40,4,NULL,NULL),
	(50,41,1,NULL,NULL),
	(51,42,2,NULL,NULL);

/*!40000 ALTER TABLE `restaurant_stations` ENABLE KEYS */;
UNLOCK TABLES;


# テーブルのダンプ restaurants
# ------------------------------------------------------------

DROP TABLE IF EXISTS `restaurants`;

CREATE TABLE `restaurants` (
  `id` int(11) unsigned NOT NULL AUTO_INCREMENT,
  `name` varchar(255) NOT NULL DEFAULT '',
  `description` varchar(255) DEFAULT NULL,
  `order` int(11) unsigned NOT NULL,
  `created` datetime DEFAULT NULL,
  `modified` datetime DEFAULT NULL,
  PRIMARY KEY (`id`)
) ENGINE=InnoDB DEFAULT CHARSET=utf8;

LOCK TABLES `restaurants` WRITE;
/*!40000 ALTER TABLE `restaurants` DISABLE KEYS */;

INSERT INTO `restaurants` (`id`, `name`, `description`, `order`, `created`, `modified`)
VALUES
	(1,'橙 daidai','',0,'2014-11-02 23:44:07','2014-11-24 15:29:40'),
	(2,'へのへのもてじ','',0,'2014-11-02 23:44:17','2014-11-24 15:30:52'),
	(3,'八雲','',0,'2014-11-03 09:13:47','2014-11-24 15:31:09'),
	(4,'麺屋 和利道','',0,'2014-11-03 09:14:10','2014-11-24 15:25:55'),
	(5,'鶏舎','',0,'2014-11-03 09:14:34','2014-11-24 15:31:28'),
	(6,'洋食ビストロ ティガボンボン','',0,'2014-11-03 09:14:50','2014-11-24 15:31:45'),
	(7,'C-MEN-HAN','',0,'2014-11-03 09:15:01','2014-11-24 15:31:54'),
	(8,'ソウルフードバンコク','',0,'2014-11-03 09:15:46','2014-11-24 15:32:07'),
	(9,'レストランムッシュヨースケ','',0,'2014-11-03 09:16:11','2014-11-24 15:32:42'),
	(10,'麺の坊 砦','',0,'2014-11-03 09:47:32','2014-11-24 15:32:56'),
	(11,'ボラーチョ','',0,'2014-11-03 09:47:44','2014-11-03 10:22:04'),
	(12,'GOLDEN BROWN','',0,'2014-11-03 09:48:48','2014-11-24 15:33:21'),
	(13,'QueenSheba','',0,'2014-11-03 09:48:59','2014-11-24 15:33:33'),
	(14,'ディップパレス','',0,'2014-11-03 09:49:10','2014-11-24 15:33:49'),
	(15,'天竺屋台','',0,'2014-11-03 09:49:37','2014-11-24 15:33:57'),
	(16,'大福楼','',0,'2014-11-03 09:49:52','2014-11-24 15:40:26'),
	(17,'DRAGON 純豆腐','',0,'2014-11-03 09:50:09','2014-11-24 15:40:41'),
	(18,'担々麺 香家','',0,'2014-11-03 09:50:20','2014-11-24 15:40:54'),
	(19,'俺流塩らーめん','',0,'2014-11-03 09:50:30','2014-11-24 15:41:04'),
	(20,'広州市場','',0,'2014-11-03 09:50:47','2014-11-24 15:41:17'),
	(21,'ピッツエリア エ トラットリア ダ イーサ','',0,'2014-11-03 09:50:59','2014-11-24 15:41:29'),
	(22,'ピッツァフォルノカフェ','',0,'2014-11-03 09:51:28','2014-11-24 15:41:41'),
	(23,'うさぎ食堂','',0,'2014-11-03 09:51:40','2014-11-24 15:41:52'),
	(24,'百麺','',0,'2014-11-03 09:51:49','2014-11-24 15:42:03'),
	(25,'関谷スパゲティ','',0,'2014-11-03 09:51:59','2014-11-24 15:42:16'),
	(26,'黒川食堂','',0,'2014-11-03 09:52:17','2014-11-24 15:42:30'),
	(27,'和琉ダイニング あんのん','',0,'2014-11-03 09:52:36','2014-11-24 15:42:41'),
	(28,'AFURI','',0,'2014-11-03 09:52:46','2014-11-24 15:42:54'),
	(29,'イム アロイ','',0,'2014-11-03 09:52:55','2014-11-24 15:43:06'),
	(30,'SOI7','',0,'2014-11-03 09:53:03','2014-11-24 15:43:23'),
	(31,'Bbr APARTMENT','',0,'2014-11-03 09:53:13','2014-11-24 15:43:36'),
	(32,'香食楽','',0,'2014-11-03 09:53:21','2014-11-24 15:43:51'),
	(33,'ビストロ喜楽亭','',0,'2014-11-03 09:53:31','2014-11-24 15:44:30'),
	(34,'福島屋','',0,'2014-11-03 09:53:41','2014-11-24 15:45:09'),
	(35,'コスタ ラティーナ','',0,'2014-11-03 09:53:51','2014-11-24 15:45:42'),
	(36,'さわやか','',0,'2014-11-03 10:27:14','2014-11-24 15:46:12'),
	(37,'韓国家庭料理のチェゴヤ','',0,'2014-11-06 01:00:45','2014-11-24 15:47:42'),
	(38,'安穏　戊','',0,'2014-11-10 22:50:57','2014-11-24 15:48:01'),
	(39,'框家','',0,'2014-11-10 22:58:05','2014-11-24 15:48:25'),
	(40,'油坊主','',0,'2014-11-18 23:36:26','2014-11-24 15:48:43'),
	(41,'インド料理ヴィナーヤ','',0,'2014-11-18 23:36:38','2014-11-24 15:48:58'),
	(42,'cafe Red Book','',0,'2014-11-28 23:13:39','2014-11-28 23:15:49');

/*!40000 ALTER TABLE `restaurants` ENABLE KEYS */;
UNLOCK TABLES;


# テーブルのダンプ stations
# ------------------------------------------------------------

DROP TABLE IF EXISTS `stations`;

CREATE TABLE `stations` (
  `id` int(11) unsigned NOT NULL AUTO_INCREMENT,
  `name` varchar(255) NOT NULL DEFAULT '',
  `line` varchar(255) NOT NULL DEFAULT '',
  `modified` datetime DEFAULT NULL,
  `created` datetime DEFAULT NULL,
  PRIMARY KEY (`id`)
) ENGINE=InnoDB DEFAULT CHARSET=utf8;

LOCK TABLES `stations` WRITE;
/*!40000 ALTER TABLE `stations` DISABLE KEYS */;

INSERT INTO `stations` (`id`, `name`, `line`, `modified`, `created`)
VALUES
	(1,'恵比寿','JR山手線','2014-11-23 17:54:41','2014-11-23 17:54:41'),
	(2,'中目黒','東急東横線・日比谷線','2014-11-23 17:56:22','2014-11-23 17:56:22'),
	(3,'代官山','東急東横線','2014-11-23 17:56:41','2014-11-23 17:56:41'),
	(4,'池尻大橋','東急田園都市線','2014-11-23 17:56:59','2014-11-23 17:56:59');

/*!40000 ALTER TABLE `stations` ENABLE KEYS */;
UNLOCK TABLES;


# テーブルのダンプ twusers
# ------------------------------------------------------------

DROP TABLE IF EXISTS `twusers`;

CREATE TABLE `twusers` (
  `id` bigint(20) unsigned NOT NULL AUTO_INCREMENT,
  `user_id` varchar(36) DEFAULT '',
  `screen_name` varchar(15) NOT NULL DEFAULT '',
  `name` varchar(20) NOT NULL DEFAULT '',
  `description` text,
  `profile_image_url` varchar(255) DEFAULT NULL,
  `profile_image_url_https` varchar(255) DEFAULT NULL,
  `profile_background_image_url` varchar(255) DEFAULT NULL,
  `profile_background_image_url_https` varchar(255) DEFAULT NULL,
  `profile_use_background_image` tinyint(1) DEFAULT NULL,
  `profile_text_color` varchar(6) DEFAULT NULL,
  `profile_link_color` varchar(6) DEFAULT NULL,
  `profile_background_color` varchar(6) DEFAULT NULL,
  `profile_sidebar_border_color` varchar(6) DEFAULT NULL,
  `profile_sidebar_fill_color` varchar(6) DEFAULT NULL,
  `url` varchar(255) DEFAULT NULL,
  `profile_banner_url` varchar(255) DEFAULT NULL,
  `protected` tinyint(1) unsigned DEFAULT NULL,
  `is_translator` tinyint(1) unsigned DEFAULT NULL,
  `verified` tinyint(1) unsigned DEFAULT NULL,
  `contributors_enabled` tinyint(1) unsigned DEFAULT NULL,
  `geo_enabled` tinyint(1) unsigned DEFAULT NULL,
  `follow_request_sent` tinyint(1) unsigned DEFAULT NULL,
  `profile_background_tile` tinyint(1) unsigned DEFAULT NULL,
  `location` varchar(255) DEFAULT NULL,
  `lang` varchar(5) DEFAULT NULL,
  `utc_offset` int(11) unsigned DEFAULT NULL,
  `time_zone` varchar(15) DEFAULT NULL,
  `followers_count` int(11) unsigned DEFAULT NULL,
  `friends_count` int(11) unsigned DEFAULT NULL,
  `listed_count` int(11) unsigned DEFAULT NULL,
  `favourites_count` int(11) unsigned DEFAULT NULL,
  `statuses_count` int(11) unsigned DEFAULT NULL,
  `default_profile` tinyint(1) unsigned DEFAULT NULL,
  `default_profile_image` tinyint(1) unsigned DEFAULT NULL,
  `notifications` tinyint(1) unsigned DEFAULT NULL,
  `following` tinyint(1) unsigned DEFAULT NULL,
  `created_at` datetime DEFAULT NULL,
  `token` varchar(255) DEFAULT NULL,
  `secret` varchar(255) DEFAULT NULL,
  `status` int(3) unsigned NOT NULL DEFAULT '1',
  `created` datetime DEFAULT NULL,
  `modified` datetime DEFAULT NULL,
  PRIMARY KEY (`id`)
) ENGINE=InnoDB DEFAULT CHARSET=utf8;



# テーブルのダンプ users
# ------------------------------------------------------------

DROP TABLE IF EXISTS `users`;

CREATE TABLE `users` (
  `id` varchar(36) NOT NULL DEFAULT '',
  `username` varchar(255) NOT NULL DEFAULT '',
  `password` varchar(50) NOT NULL DEFAULT '',
  `name` varchar(255) DEFAULT NULL,
  `nickname` varchar(255) DEFAULT NULL,
  `first_name` varchar(255) DEFAULT NULL,
  `last_name` varchar(255) DEFAULT NULL,
  `image` varchar(255) DEFAULT NULL,
  `description` text,
  `role` varchar(255) DEFAULT 'author',
  `status` tinyint(3) unsigned NOT NULL DEFAULT '1',
  `spam` tinyint(3) unsigned NOT NULL DEFAULT '0' COMMENT '0:normal,1:candidate,2:spam',
  `created` datetime DEFAULT NULL,
  `modified` datetime DEFAULT NULL,
  PRIMARY KEY (`id`),
  UNIQUE KEY `username` (`username`)
) ENGINE=InnoDB DEFAULT CHARSET=utf8;




/*!40111 SET SQL_NOTES=@OLD_SQL_NOTES */;
/*!40101 SET SQL_MODE=@OLD_SQL_MODE */;
/*!40014 SET FOREIGN_KEY_CHECKS=@OLD_FOREIGN_KEY_CHECKS */;
/*!40101 SET CHARACTER_SET_CLIENT=@OLD_CHARACTER_SET_CLIENT */;
/*!40101 SET CHARACTER_SET_RESULTS=@OLD_CHARACTER_SET_RESULTS */;
/*!40101 SET COLLATION_CONNECTION=@OLD_COLLATION_CONNECTION */;
